id,FirstName,LastName,DonationDate,Amount,BloodGroup,BloodFactor,Address,PersonalNumber
1,Stesha,Mingardi,12/06/2008,389,A,MINUS,3 Grover Point,06491911084275
2,Patton,Couser,13/08/2018,936,B,MINUS,2221 Reindahl Point,79428301661271
3,Antonia,Feragh,09/01/2017,485,ZERO,MINUS,3 Main Junction,72060990520643
4,Melisenda,Bartolommeo,13/10/2003,740,B,PLUS,0 Doe Crossing Center,63429538489862
5,Lorene,Dorow,29/10/2006,717,ZERO,MINUS,99875 Westend Lane,23852423654782
6,Boris,Kunath,30/07/2006,237,AB,PLUS,19216 Fuller Junction,84562556180438
7,Kaile,Bertolin,03/10/2001,872,ZERO,MINUS,0389 Milwaukee Center,12770532255302
8,Lettie,Melby,03/02/2015,936,AB,MINUS,2564 Melvin Court,58980724174986
9,Eleanore,Jannex,13/06/2009,39,B,MINUS,2216 Redwing Terrace,41842168535267
10,Melisandra,Plowright,27/02/2001,74,AB,MINUS,196 Sauthoff Circle,80104897809459
11,Chloette,Klement,14/08/2004,960,ZERO,PLUS,43 Namekagon Point,18645035776505
12,Mirabel,Fasham,16/06/2004,374,ZERO,PLUS,7904 Bowman Alley,11824113255566
13,Rozelle,Di Biasio,13/02/2000,496,A,PLUS,3 Graedel Drive,90796405861319
14,Yves,Branwhite,19/09/2007,46,AB,MINUS,400 Onsgard Terrace,81433238326308
15,Ingram,Ferrone,18/05/2012,525,B,MINUS,15 Cardinal Trail,52922676778999
16,Lauretta,Stokell,29/04/2016,634,AB,PLUS,77 Almo Street,26408632852499
17,Agace,Wickens,03/05/2018,343,ZERO,PLUS,0 Crowley Crossing,97923026978530
18,Michail,Pritchitt,17/12/2008,20,ZERO,MINUS,15 Reinke Drive,61375243083910
19,Mervin,Livoir,14/03/2006,677,B,PLUS,0250 Killdeer Terrace,65119428643073
20,Zachariah,Timmermann,12/01/2007,449,AB,PLUS,079 Hayes Hill,46389590248860
21,Willyt,Pethybridge,02/02/2005,69,B,MINUS,16445 Gina Road,50850327214741
22,Jeannine,Mendonca,11/05/2009,735,ZERO,PLUS,29453 Reinke Plaza,51345279758171
23,Amabel,Crosbie,16/10/2010,331,B,MINUS,2 Norway Maple Place,85320042756434
24,Gertrud,Savell,21/08/2006,672,A,MINUS,307 Shelley Way,77357644326180
25,Magda,Jantzen,20/07/2004,39,AB,PLUS,30215 Manley Hill,29059455262584
26,Mickey,Kidner,08/04/2016,529,AB,PLUS,5980 East Street,18737296220262
27,Bekki,Bees,28/08/2013,835,A,MINUS,1561 Rockefeller Plaza,28724201778662
28,Tabitha,Hargrove,13/12/2004,683,ZERO,PLUS,380 Rigney Drive,17174192806903
29,Goran,Richmont,28/02/2015,88,A,PLUS,5 Hoard Point,42899325181677
30,Tabatha,Ellerey,13/11/2014,733,AB,PLUS,0 Londonderry Plaza,47072114222729
31,Demeter,Geertje,19/07/2013,147,A,MINUS,61 Drewry Hill,46650733783502
32,Eugenius,Ferraresi,01/10/2011,727,ZERO,MINUS,5448 Prentice Plaza,83763071478181
33,Jacquie,Cocker,10/02/2013,659,A,PLUS,4168 Springs Center,88063557541369
34,Hendrik,Clench,26/12/2008,605,ZERO,PLUS,5970 Colorado Drive,95850293649297
35,Salmon,Klain,15/06/2014,884,ZERO,MINUS,558 Waxwing Court,28101376665797
36,Bernardina,Wherrit,07/12/2009,110,ZERO,MINUS,424 Lerdahl Alley,54127884277528
37,Orelee,Garnam,08/09/2014,565,ZERO,PLUS,8 Dayton Street,71866190087773
38,Virginie,Goady,27/03/2009,954,ZERO,PLUS,676 Kipling Alley,04749255377839
39,Robin,Howard - Gater,14/03/2011,525,ZERO,MINUS,049 Merchant Circle,69240291599822
40,Reinaldos,McLarens,21/04/2008,38,AB,PLUS,814 Nancy Place,70981266210775
41,Reamonn,McKinley,17/12/2018,256,ZERO,PLUS,62046 Almo Circle,73032280176496
42,Thekla,Pharro,06/04/2017,720,ZERO,MINUS,58902 Logan Pass,51937381227516
43,Pascal,Boothebie,07/12/2010,385,ZERO,PLUS,56174 School Parkway,58688499914923
44,Lorne,Safe,15/11/2003,364,ZERO,MINUS,97 Lake View Way,18933243001875
45,Alaric,Fenemore,18/03/2010,638,A,MINUS,71877 Myrtle Hill,38849642205252
46,Daria,Silverstone,09/10/2017,967,AB,PLUS,4301 Jenna Circle,61588016752978
47,Jasper,Scotchford,05/05/2017,572,AB,PLUS,964 Garrison Parkway,27920711410015
48,Twyla,Braddon,03/10/2002,193,ZERO,MINUS,20 Brickson Park Road,04532492976963
49,Eulalie,Malimoe,19/12/2012,643,B,PLUS,8479 Summer Ridge Park,68805572728451
50,Fraser,MacAne,13/04/2003,79,AB,MINUS,7 3rd Lane,37391291035356
51,Nanette,Athelstan,21/01/2008,374,B,MINUS,09 Annamark Parkway,85820738947456
52,Beverlie,Walpole,10/02/2003,169,ZERO,PLUS,2 Shoshone Lane,92683106369856
53,Ab,Snoddin,21/09/2014,368,AB,PLUS,00 Mcbride Lane,10155994222858
54,Adrianne,Issit,02/04/2003,630,AB,MINUS,5 Cody Circle,47314864225616
55,Jessalyn,Dunbleton,04/08/2015,812,A,MINUS,33 Surrey Way,19857224178136
56,Randy,Quinnelly,20/08/2004,896,B,MINUS,5091 Sutherland Terrace,34790227370708
57,Harlene,Naseby,12/12/2012,624,B,PLUS,139 Fordem Trail,76542859515703
58,Rivkah,Zapata,29/04/2002,552,AB,PLUS,31 Namekagon Trail,16012188662340
59,Mamie,Dyble,26/12/2017,978,A,MINUS,2 Corben Terrace,85034246420899
60,D'arcy,Sitch,11/04/2003,400,B,MINUS,7020 Bonner Avenue,98074453871091
61,Gabie,Sleep,18/11/2004,930,ZERO,PLUS,446 Hauk Plaza,22181131064415
62,Caryl,Thornhill,04/01/2018,387,ZERO,PLUS,882 Mitchell Drive,47462799820836
63,Damita,Durno,29/03/2010,228,ZERO,MINUS,67 Clemons Pass,75388107539388
64,Darryl,Bertolaccini,11/01/2000,159,AB,MINUS,4 Graedel Road,05404045155439
65,Eleanor,McClosh,08/10/2000,632,A,PLUS,531 Sherman Drive,92153469337791
66,Kain,Ladlow,08/01/2013,266,AB,MINUS,44195 Debs Park,63676532983918
67,Winni,Olerenshaw,29/07/2003,134,AB,PLUS,950 Goodland Park,77256709358530
68,Shellie,Tytherton,13/08/2003,5,AB,PLUS,090 Orin Alley,34670904066307
69,Bertie,Piatti,22/09/2014,862,ZERO,PLUS,40 Toban Junction,31662174295446
70,Marvin,Persitt,20/11/2007,3,B,PLUS,0 Dorton Road,26619144066704
71,Sharai,Keesman,17/07/2011,195,ZERO,MINUS,5 Johnson Place,52528515989589
72,Elia,Sudran,02/09/2004,115,AB,PLUS,7315 Prairie Rose Plaza,33789181328965
73,Ekaterina,Syson,15/05/2014,877,AB,PLUS,92457 Myrtle Alley,38503322571054
74,Dav,Berends,24/11/2014,572,B,PLUS,81 Katie Point,72494131256146
75,Simeon,Bartosch,26/12/2000,373,B,MINUS,8700 Lake View Alley,96118146716132
76,Tamar,Wonfor,30/05/2011,840,AB,MINUS,44928 Portage Lane,63057586771190
77,Jeffie,Waulker,11/05/2015,506,B,MINUS,61092 Ridge Oak Park,47684766209838
78,Harlie,Astling,21/03/2011,755,A,MINUS,5464 Orin Lane,13068482348726
79,Van,Joselevitch,02/01/2007,671,AB,PLUS,71 Eagle Crest Junction,10517122174248
80,Charles,Agass,13/03/2008,151,ZERO,MINUS,7 Glendale Plaza,35041809001754
81,Sheena,Crudgington,12/08/2005,326,ZERO,PLUS,45 Cody Plaza,59682973521661
82,Jacquenetta,Gronav,02/08/2013,417,B,MINUS,535 Mitchell Street,55722153252963
83,Kyle,Dimberline,29/04/2011,28,A,MINUS,4006 John Wall Way,74081595274429
84,Jammal,Jime,04/09/2014,763,B,MINUS,76901 Daystar Way,42773292812485
85,Tamera,Jewett,03/12/2005,289,B,MINUS,606 Basil Hill,50432603566786
86,Hebert,Schimonek,17/02/2002,916,B,PLUS,8554 Mcbride Avenue,03931163866381
87,Lorianna,Bondar,28/02/2003,586,ZERO,PLUS,5 Chinook Pass,62539440345793
88,Danica,Witherow,27/09/2015,410,A,MINUS,4600 Ilene Junction,56518194399759
89,Willabella,Malkinson,17/02/2013,378,ZERO,MINUS,40652 Meadow Vale Road,67392698087944
90,Lil,Hayford,09/11/2010,402,A,MINUS,4 Warrior Court,30000553358042
91,Kendrick,Dyment,11/07/2010,732,A,MINUS,9146 Hansons Trail,69400283192346
92,Vivien,Reiners,04/11/2008,38,ZERO,PLUS,82622 Mayfield Alley,19527396135242
93,Hortensia,Jonuzi,28/03/2003,301,ZERO,PLUS,20 Spenser Hill,23903116911469
94,Barbee,Mc Caughen,04/02/2000,631,AB,PLUS,639 John Wall Way,14417439719950
95,Janette,Stamper,03/04/2017,733,AB,MINUS,81 1st Parkway,61706473114197
96,Pierce,Geffen,29/11/2005,205,A,MINUS,83376 Cottonwood Court,21143473651395
97,Marcy,Milmore,30/08/2000,752,A,MINUS,54833 Dryden Crossing,28270559141396
98,Jaye,Skirvin,23/09/2006,533,ZERO,PLUS,39 Corry Avenue,65964914170487
99,Jaine,Valentinuzzi,19/06/2016,342,ZERO,MINUS,682 Gateway Plaza,61221953603212
100,Harlen,Pinchen,19/01/2012,299,A,MINUS,9 Mifflin Drive,92081596659548
101,Danica,Bubbear,10/07/2003,255,AB,MINUS,1226 Granby Park,99383883957976
102,Cherey,Growcott,18/02/2013,285,A,MINUS,58 Texas Lane,58928983106994
103,Muffin,Javes,10/11/2007,511,AB,MINUS,0299 Susan Plaza,83732283068156
104,Rhody,Furman,21/01/2017,432,A,MINUS,46322 Sullivan Trail,95680986216786
105,Leila,Gilpillan,31/12/2010,605,AB,PLUS,303 Fallview Hill,29668805134844
106,Berni,Gatland,15/02/2000,880,AB,MINUS,7 Maywood Alley,13585119902018
107,Lauretta,Mundall,01/01/2007,678,ZERO,MINUS,1542 South Drive,00417326527583
108,Michale,Cray,20/01/2018,530,A,PLUS,486 Havey Drive,43656670029068
109,Kerrin,Casburn,01/02/2002,532,A,PLUS,47257 Hermina Street,21854003826232
110,Hailee,Winchcombe,03/05/2005,398,ZERO,MINUS,2871 Crownhardt Drive,88867887343261
111,Blondy,Crookall,22/10/2017,122,B,PLUS,93055 Bayside Place,63589670768897
112,Monro,Haire,26/11/2006,967,AB,PLUS,38 Darwin Road,23801079764379
113,Bethanne,Hutley,09/02/2012,297,A,PLUS,68370 Longview Alley,91137777940560
114,Gwenny,Shenton,08/08/2004,320,B,MINUS,8 Anhalt Point,87746512056666
115,Yanaton,Bagenal,31/07/2005,998,ZERO,MINUS,0341 Southridge Avenue,22645457074531
116,Gaby,Leeb,03/10/2005,375,ZERO,PLUS,32 Welch Point,57006000817318
117,Kathrine,Creswell,14/11/2015,796,A,MINUS,29021 Melvin Pass,76552126767435
118,Gillan,Flobert,20/09/2014,895,A,PLUS,9486 Twin Pines Way,35834755592273
119,Chester,Gifkins,30/06/2014,982,AB,PLUS,0128 Amoth Road,90511033504244
120,Hodge,Saphin,06/10/2004,581,B,PLUS,48 Crowley Court,73025103498669
121,Faydra,Goater,14/05/2009,933,ZERO,PLUS,0188 Hooker Pass,35939685415393
122,Maighdiln,Haslam,24/05/2011,752,ZERO,PLUS,8840 Grasskamp Place,95236410708697
123,Ulrich,Carless,26/03/2017,978,B,MINUS,2 Fordem Court,57272704752288
124,Alistair,Pritchett,10/05/2014,559,ZERO,PLUS,7815 Sauthoff Plaza,44329732644805
125,Les,O'Docherty,13/08/2013,291,AB,PLUS,72 Everett Trail,76846830731845
126,Germana,Vayne,26/06/2006,585,B,PLUS,3 Scoville Pass,65179120254584
127,Guy,Philcott,07/12/2012,73,AB,MINUS,2684 Oakridge Place,06357333360775
128,Warren,Pashan,03/07/2015,626,B,PLUS,39441 Dapin Terrace,39908194968038
129,Nicolette,Grimwood,22/04/2002,80,B,MINUS,29047 Artisan Road,67016659160337
130,Agathe,MacFall,06/04/2015,974,B,MINUS,9319 Sutteridge Road,94762110607499
131,Nell,Stuttman,27/08/2001,432,AB,PLUS,26384 Fordem Pass,37961618605658
132,Eldin,Foresight,13/02/2003,45,A,MINUS,595 Ridge Oak Center,59770767954573
133,Filmer,Blackaller,18/02/2001,268,ZERO,PLUS,9211 Loftsgordon Way,97861457780728
134,Adina,Mytton,03/11/2002,566,ZERO,PLUS,91838 Grim Point,03122747645661
135,Roger,Orpyne,02/10/2012,880,ZERO,MINUS,8 Melby Crossing,57166316328610
136,Mark,Jaycock,24/08/2010,659,A,MINUS,9 Gateway Park,00354970364439
137,Kerk,Lett,09/12/2009,366,ZERO,PLUS,5077 Mifflin Plaza,08265231919290
138,Filmore,Sommerville,28/01/2019,757,ZERO,MINUS,6 Longview Point,03947531922691
139,Colan,Udy,23/03/2011,533,A,MINUS,41 Holmberg Drive,31794192319145
140,Alvie,Winkworth,18/05/2003,529,ZERO,MINUS,1387 Judy Center,82436967320823
141,Buckie,Cammis,17/12/2002,819,AB,MINUS,392 Armistice Plaza,20134459273175
142,Dominique,Peggs,16/02/2007,723,AB,MINUS,9 Jenifer Hill,61923772739114
143,Avrom,Greatrex,26/11/2008,680,A,MINUS,6679 North Pass,78175840721173
144,Morganica,Pear,08/07/2009,500,AB,MINUS,67 Truax Way,08798732055751
145,Chance,Haws,30/07/2003,369,AB,MINUS,21205 Jana Alley,51945757852754
146,Reginauld,Nicklen,20/07/2006,763,ZERO,MINUS,64 Vahlen Court,00373362797848
147,Ebonee,Handlin,10/01/2016,599,A,MINUS,04 Brown Drive,22068853170094
148,Averyl,Tubb,26/11/2001,553,B,MINUS,3 Dennis Road,41097106641845
149,Prudi,Truder,24/10/2003,600,ZERO,MINUS,34 Mandrake Circle,11176681601169
150,Lisle,Buney,19/10/2010,982,ZERO,PLUS,11 Pearson Hill,64709165921049
151,Karon,Towsie,06/09/2003,230,B,PLUS,8115 Esch Junction,96638651006136
152,Hyatt,Beckford,03/01/2006,517,ZERO,MINUS,35058 Hanover Center,52645829423540
153,Hillie,Melson,29/11/2001,535,ZERO,MINUS,6388 Maryland Plaza,00470457865097
154,Priscella,Vicent,28/07/2014,515,ZERO,PLUS,3 Buhler Junction,69432608893148
155,Ola,Tredinnick,31/05/2014,60,ZERO,PLUS,6359 Reinke Alley,75777392706369
156,Brice,Jerzyk,02/06/2013,547,B,PLUS,70 Elka Court,64418627292894
157,Guenevere,Sheers,04/02/2010,955,A,PLUS,637 Randy Point,26780978883721
158,Lishe,Lofty,19/04/2014,611,A,PLUS,0 Annamark Park,38883409928444
159,Sutherlan,Stych,27/06/2015,777,B,MINUS,87637 Crowley Terrace,44147735156036
160,Thornie,Adamovich,30/04/2015,85,ZERO,MINUS,4 Stephen Center,54410397344090
161,Stephana,Cockshtt,22/05/2003,890,B,MINUS,709 Coleman Terrace,54755560750463
162,Tatiania,Clabburn,22/01/2016,335,ZERO,PLUS,53693 Moose Junction,29699497260648
163,Shirl,Einchcombe,01/11/2007,501,A,MINUS,640 Schlimgen Crossing,46050141731126
164,Poul,Biernacki,11/11/2014,757,B,PLUS,8 Bobwhite Pass,35929256192758
165,Nat,Orpen,13/03/2017,509,AB,PLUS,88550 Nobel Place,20944106918873
166,Kenn,Vardon,09/10/2008,80,A,PLUS,8 Independence Alley,70534904734037
167,Aleksandr,Tille,23/04/2000,680,B,MINUS,66051 Washington Court,99867317357981
168,Darda,Wedgbrow,29/09/2009,785,ZERO,MINUS,8379 Cambridge Alley,79545774807179
169,Tildy,Boother,14/07/2006,957,A,MINUS,45 Nelson Parkway,53874477551510
170,Winston,Le Houx,07/04/2005,468,ZERO,MINUS,453 Troy Lane,82133165234805
171,Darelle,Reuven,29/05/2003,130,ZERO,MINUS,1108 Lawn Point,53412353383444
172,Belicia,Magarrell,23/09/2000,941,A,MINUS,42089 Hagan Plaza,03256886453343
173,Georgie,Lambrechts,24/02/2008,208,B,PLUS,8871 Tennyson Avenue,44128718366102
174,Rica,Tipling,25/02/2014,981,ZERO,PLUS,23 Roxbury Trail,02092039411528
175,Lloyd,Glynne,14/01/2016,193,ZERO,PLUS,7162 Maryland Alley,86040224702427
176,Ilario,Stainbridge,25/11/2013,138,A,PLUS,72120 Glacier Hill Avenue,27897705831498
177,Mathilde,Reneke,20/05/2011,444,B,MINUS,6 Green Circle,55400502107270
178,Dela,Trendle,10/02/2006,629,AB,MINUS,007 Esker Hill,90889791835602
179,Pandora,Rowcastle,01/10/2006,684,AB,PLUS,19 Bashford Place,20026465493479
180,Nata,Zanetto,23/09/2004,984,AB,MINUS,609 Johnson Pass,99672143516954
181,Mella,Driscoll,19/01/2016,954,A,MINUS,302 Upham Point,52196232289651
182,Evaleen,Heimann,14/02/2009,145,AB,MINUS,8 Farwell Hill,29613429383751
183,Prudence,Garwell,05/05/2014,318,AB,MINUS,51 Jenna Parkway,95468954491782
184,Cariotta,Sawter,12/02/2019,925,AB,MINUS,52906 Crownhardt Alley,57125499508526
185,Dotty,Fitchell,10/09/2018,578,A,PLUS,8 Eagan Circle,31702785355590
186,Kent,Proctor,08/08/2006,863,B,PLUS,79 Elmside Way,98955121933549
187,Caria,Winney,07/02/2016,545,A,MINUS,462 Stone Corner Crossing,55561837732189
188,Eugenia,Minette,15/06/2012,772,A,PLUS,8 Kinsman Alley,78558482539851
189,Tris,Meriton,12/02/2013,167,ZERO,PLUS,66252 Carpenter Crossing,14322404575564
190,Ingra,Cheverell,18/05/2017,584,B,MINUS,035 Maywood Avenue,47950558685385
191,Duane,Featherstonhaugh,21/07/2016,710,AB,MINUS,04843 Arkansas Drive,82959112010744
192,Isidore,d'Arcy,23/02/2016,272,ZERO,MINUS,7523 Luster Drive,62158702710937
193,Roxanne,Boughtwood,12/06/2005,79,AB,PLUS,954 Ridge Oak Plaza,30051259460954
194,Elana,Mainstone,20/01/2019,819,B,PLUS,8810 Bellgrove Plaza,20385672902770
195,Phebe,Leathlay,28/03/2014,431,A,MINUS,888 Veith Court,40581510960836
196,Jerome,Ridgers,27/11/2015,313,B,MINUS,94526 Anthes Avenue,31198122811824
197,Eziechiele,McCole,24/11/2007,746,AB,MINUS,77602 Dexter Junction,73085435466392
198,Reginauld,Lethbrig,29/08/2006,251,AB,MINUS,534 Hooker Crossing,85599171493409
199,Lonni,Challicombe,04/04/2008,607,A,PLUS,448 Acker Way,32534537845977
200,Dollie,Attac,10/07/2004,101,ZERO,MINUS,82236 Hayes Road,94948622674556
201,Kanya,Leed,04/03/2008,77,B,PLUS,09210 Village Green Terrace,86614577275920
202,Inness,Grayshon,24/03/2018,962,B,MINUS,38 Knutson Center,34508613719783
203,Wilmer,McCulley,22/10/2016,536,AB,MINUS,7 Rockefeller Parkway,08736107848189
204,Alix,Mille,12/01/2001,494,ZERO,MINUS,794 Oak Valley Way,35559869070011
205,Allan,Palphreyman,01/06/2013,862,AB,MINUS,982 Fisk Place,12806512259738
206,Abbey,Klimentov,05/10/2009,32,ZERO,MINUS,1464 Cascade Alley,56069152980554
207,Eddie,MacPaike,27/08/2011,381,ZERO,MINUS,840 Northview Plaza,96794808966484
208,Junia,Wivell,23/05/2007,776,ZERO,MINUS,0 Summerview Street,35318189070232
209,Evie,Caswall,07/12/2001,558,A,MINUS,25 Bonner Drive,49738067851229
210,Doretta,Jobbings,30/01/2017,309,B,MINUS,69191 Stang Place,19905003876779
211,Sileas,Hoston,25/07/2012,504,AB,PLUS,4 Gerald Court,76732605350336
212,Mariele,Greening,30/06/2009,713,B,PLUS,732 Jenna Alley,40798602294948
213,Bryce,Jacobs,05/03/2005,278,A,MINUS,5805 Esch Court,76658152426114
214,Persis,Padmore,18/10/2007,163,A,MINUS,773 Hoard Crossing,61776024496569
215,Davy,Argrave,14/05/2005,421,A,MINUS,74 Basil Circle,29858452513977
216,Arluene,Chappelow,29/11/2011,825,ZERO,MINUS,61 Corry Circle,36995899774514
217,Seumas,Werendell,14/03/2004,153,ZERO,PLUS,7 Knutson Avenue,11458591785672
218,Manda,Waylen,23/05/2001,635,AB,MINUS,2 Helena Point,47418088823614
219,Lyn,Crinage,01/07/2002,209,AB,PLUS,08 Hoffman Place,20382589608001
220,Henrieta,Keppel,14/09/2011,889,B,PLUS,38378 Kensington Alley,88242931458290
221,Mair,Pethick,29/06/2007,351,ZERO,PLUS,57043 Towne Point,65682494096182
222,Lory,Pulhoster,26/11/2004,534,AB,PLUS,12583 Aberg Pass,63838866798258
223,Desdemona,Larrad,30/04/2007,716,A,PLUS,6507 Portage Hill,75067913279294
224,Randell,Hayball,17/11/2008,123,AB,MINUS,52315 Nobel Road,06502305593221
225,Claude,Santon,07/11/2015,675,ZERO,MINUS,3 Coolidge Lane,64284682806197
226,Jeffie,Raff,25/09/2018,872,A,PLUS,0873 Kenwood Pass,09772966397094
227,Scarface,Itzkovwich,25/04/2000,3,AB,MINUS,3 Columbus Circle,74531937425474
228,Sophi,Keam,15/01/2008,218,B,PLUS,724 Fisk Plaza,81709989302376
229,Peria,Sherer,26/01/2005,886,ZERO,PLUS,5591 Pennsylvania Crossing,76594868153020
230,Zitella,Deesly,14/03/2013,753,A,PLUS,516 Blaine Pass,83801591153129
231,Tania,Finden,27/11/2013,15,AB,MINUS,2143 Hanover Park,08596112310234
232,Mikey,Tipper,27/09/2011,661,B,MINUS,82694 Sommers Court,18374308903334
233,Corina,Eat,08/07/2007,58,B,MINUS,9 Hazelcrest Way,22421842287315
234,Christophe,Feehery,16/11/2005,283,B,MINUS,24453 Bashford Drive,49739333629929
235,Emogene,Ferby,12/06/2017,831,ZERO,MINUS,018 Little Fleur Parkway,20622924410330
236,Mallorie,Windaybank,12/08/2001,967,ZERO,MINUS,64418 Sommers Road,69800204457656
237,Nert,Kench,16/12/2008,729,AB,PLUS,5293 Atwood Point,58076064463472
238,Lorry,Andric,02/10/2011,416,B,MINUS,37471 Village Way,79859969615118
239,Kaleb,Biss,17/01/2006,889,A,PLUS,21 Victoria Place,74375318218845
240,Ward,Oddy,18/02/2000,194,ZERO,PLUS,57665 Kropf Terrace,64402140331666
241,Sukey,Archdeacon,25/07/2013,692,B,PLUS,0 Bultman Way,61033316541377
242,Dionne,Bruyntjes,28/05/2013,586,A,PLUS,206 Oakridge Plaza,06526493793040
243,Ryon,Sangwine,14/10/2001,191,ZERO,MINUS,0 Blue Bill Park Pass,29130156011887
244,Elisha,Esch,21/06/2011,548,B,MINUS,76066 Sullivan Trail,55774363738093
245,Winnah,McFarland,18/04/2004,145,AB,PLUS,48609 Tomscot Pass,22147483415261
246,Mireielle,Kitcherside,13/11/2012,784,ZERO,PLUS,97732 Almo Way,97146873362394
247,Myron,Mabone,06/02/2003,820,AB,MINUS,1114 Miller Plaza,46676208047283
248,Noelle,Kures,28/06/2004,291,B,PLUS,7903 Comanche Lane,70265238691222
249,Fredric,Gulliman,17/01/2016,457,AB,PLUS,77 Kenwood Trail,18427392509259
250,Kipper,O'Grada,03/09/2008,148,AB,MINUS,22 School Alley,20537221273604
251,Rafferty,Labes,04/11/2002,397,A,PLUS,4964 Express Trail,71240110739107
252,Ida,Dent,17/03/2000,777,A,PLUS,75 Hovde Hill,16418805077971
253,Laurie,Zink,03/12/2018,432,A,MINUS,894 Moland Way,67017345170872
254,Ludovico,Roscamps,26/09/2008,845,A,PLUS,4435 Morning Trail,06881255205138
255,Roddy,Stollenbeck,11/03/2001,463,AB,PLUS,79 Kenwood Alley,70828758487022
256,Myca,Kures,16/04/2005,383,B,MINUS,818 Shelley Place,47154371910016
257,Jolee,Lippiatt,21/01/2012,179,B,PLUS,4957 Barnett Hill,63827820743358
258,Allianora,Spreag,29/12/2005,981,A,MINUS,870 High Crossing Junction,50510657929325
259,Baxter,Petrolli,30/05/2015,777,ZERO,PLUS,4852 South Terrace,29397493623608
260,Marius,Bourgourd,07/05/2012,912,AB,MINUS,599 Red Cloud Crossing,76165979747035
261,Salome,Messham,05/07/2015,393,ZERO,PLUS,066 Red Cloud Pass,16265408369894
262,Vikky,Imlacke,09/02/2006,400,AB,PLUS,4 Anderson Alley,16871460374532
263,Roderick,Lougheed,23/10/2013,43,ZERO,PLUS,78539 Raven Park,29590407427100
264,Ancell,Nannoni,24/04/2014,742,B,MINUS,674 Birchwood Alley,70810672574317
265,Germain,Rakes,05/02/2000,582,ZERO,MINUS,5 Fordem Court,54017422696222
266,Harli,Godar,11/09/2014,593,A,PLUS,24082 Eastwood Circle,34918317968124
267,Malina,Ubee,11/09/2002,401,B,PLUS,9454 Fremont Court,91461149720190
268,Nicolai,Suermeier,22/04/2007,801,AB,MINUS,11 3rd Way,16060772623608
269,Bevin,Plover,11/08/2018,767,AB,PLUS,9774 Crownhardt Parkway,67854743603751
270,Briant,Pratty,01/12/2011,82,A,MINUS,053 Everett Trail,58469659923261
271,Fannie,Hairsine,17/10/2016,434,B,PLUS,6718 Merchant Parkway,83392461549957
272,Denver,Wootton,26/06/2017,739,ZERO,PLUS,56861 Mcguire Park,93734280070591
273,Sapphire,Presdie,04/08/2018,44,AB,MINUS,00 Arrowood Pass,01289559265601
274,Hollis,Ulyet,12/02/2006,407,B,PLUS,663 Claremont Hill,24968854291072
275,Florette,Franzolini,26/03/2002,780,AB,PLUS,53 Forest Run Place,96294822524998
276,Trey,de Broke,08/01/2016,321,A,PLUS,0 Fairfield Trail,39969918671935
277,Demetris,Caukill,24/08/2012,287,A,PLUS,1 Meadow Vale Hill,07899254129719
278,Diann,Kinnie,19/02/2007,552,AB,MINUS,686 Scofield Avenue,73338553171695
279,Clemente,Pinare,29/01/2002,408,B,MINUS,72935 Crownhardt Crossing,14565455795767
280,Ellynn,Roubeix,25/09/2010,911,ZERO,PLUS,10520 Lindbergh Avenue,07363949671972
281,Corbie,O'Connel,15/10/2010,347,ZERO,MINUS,0978 Dakota Place,19211563281420
282,Teriann,Willans,08/01/2014,731,B,PLUS,0839 Division Alley,65332000740006
283,Flossi,Klus,03/11/2017,540,AB,PLUS,38 Thackeray Street,21825927254185
284,Rusty,Murrey,04/11/2010,130,A,PLUS,9 International Terrace,59804110091144
285,Andromache,Siuda,29/06/2013,678,B,PLUS,55 Bonner Pass,25831045636662
286,Ardis,Nother,21/08/2014,449,A,MINUS,54 4th Park,78101256214969
287,Cullie,Boribal,06/10/2016,215,A,PLUS,8 Sunnyside Hill,06396143533013
288,Ellie,Copo,08/08/2015,415,B,PLUS,59536 Eagle Crest Terrace,35751693977102
289,Mano,Edlyn,14/08/2007,250,AB,PLUS,55 Mesta Point,73641789432860
290,Bonnee,Birkbeck,06/04/2003,149,ZERO,PLUS,88 Eliot Point,75715607855203
291,Vincenty,Plume,05/03/2016,574,B,PLUS,9 Bultman Alley,84977161668880
292,Sayer,Haresign,07/02/2001,82,ZERO,PLUS,185 Forest Alley,19797261014718
293,Boris,Whitebread,27/10/2012,718,ZERO,PLUS,9 Rockefeller Parkway,07306345372634
294,Ximenez,Butter,01/12/2001,514,A,MINUS,4043 Stang Way,08464123320333
295,Giraud,Gierardi,09/06/2009,414,ZERO,MINUS,714 Tennessee Crossing,25182434125777
296,Holly,Duell,03/08/2003,908,ZERO,MINUS,8 Melvin Center,34539702867541
297,Kirstin,Bendtsen,16/08/2003,240,ZERO,PLUS,278 Schlimgen Crossing,73383555465504
298,Millisent,Bartholin,04/08/2013,957,ZERO,PLUS,88927 Alpine Parkway,34665955903615
299,Corny,Cowmeadow,27/08/2013,698,A,MINUS,4270 8th Trail,93039312861788
300,Merridie,Harrowing,19/03/2019,671,ZERO,PLUS,868 Ridge Oak Drive,99873997055934
301,Paige,Walters,25/01/2009,897,AB,MINUS,8768 Ramsey Hill,28078464670747
302,Paddy,Bushby,30/06/2016,772,B,MINUS,66 Express Road,17605906733935
303,Finlay,Dodamead,13/02/2001,641,AB,MINUS,6 High Crossing Pass,86245471846323
304,Issi,Mowen,05/12/2017,99,B,PLUS,5738 Bellgrove Center,92237634248644
305,Adoree,Liddel,21/11/2002,881,ZERO,MINUS,89467 Clarendon Parkway,37252695946207
306,Vin,Featherstonhaugh,13/10/2018,949,B,MINUS,472 Nova Court,74644948096822
307,Cly,Bettinson,16/01/2017,736,A,MINUS,054 Independence Park,96428640219905
308,Sal,Middlewick,26/12/2013,373,AB,MINUS,93249 Holy Cross Avenue,85515381279991
309,Christopher,Tessier,23/07/2001,673,A,PLUS,616 Longview Junction,94694445342274
310,Griffy,Callum,01/09/2002,807,ZERO,MINUS,6 Badeau Crossing,53486844251190
311,Zaneta,Sandeland,25/02/2012,332,A,MINUS,52 Schlimgen Place,69549624202836
312,Michal,Giovannilli,28/10/2003,951,AB,PLUS,979 3rd Crossing,73388369091058
313,Iris,Antoons,06/04/2012,634,AB,MINUS,168 Lotheville Lane,94266189993889
314,Steffie,O'Carran,14/08/2010,18,B,MINUS,8 6th Circle,24388831681425
315,Edvard,Middlebrook,28/03/2012,710,ZERO,PLUS,550 Moulton Crossing,75762908956162
316,Grayce,Keighley,07/08/2001,71,A,PLUS,16178 Lakewood Alley,93451651476038
317,Jeana,Franzen,20/08/2010,179,B,MINUS,254 Golden Leaf Trail,34083998303335
318,Brunhilde,Dunnet,21/03/2018,997,ZERO,PLUS,07 Monica Avenue,16279212614630
319,Stefan,Pillinger,28/03/2007,711,AB,PLUS,28 Heath Alley,92994397312315
320,Mortimer,Tritten,24/12/2016,201,B,MINUS,51 Hooker Trail,29391916587847
321,Lurleen,Garbett,10/09/2013,523,A,MINUS,514 Hoepker Junction,13634679719189
322,Verla,Philipsohn,25/07/2000,769,ZERO,MINUS,9461 Superior Junction,81470132785076
323,Nanni,Benninger,02/10/2008,450,A,PLUS,9 Quincy Junction,17792568679848
324,Cherye,Earney,26/06/2010,640,ZERO,PLUS,287 Lakeland Court,07898836640634
325,Cahra,Porch,21/08/2012,713,AB,MINUS,577 Darwin Hill,08792519317421
326,Merla,Blagbrough,08/08/2009,675,B,MINUS,046 Clove Junction,30113185594449
327,Mikey,Pleat,26/03/2007,376,ZERO,MINUS,8 Ridge Oak Trail,34533755494685
328,Cozmo,Trethowan,23/03/2007,600,ZERO,PLUS,745 Bonner Center,73593053919733
329,Abbye,Chestle,23/12/2007,252,ZERO,MINUS,54 Larry Pass,46644516376178
330,Randie,Boshier,24/04/2005,64,ZERO,MINUS,262 Meadow Valley Drive,20856456512922
331,Karl,Dunford,24/10/2011,189,ZERO,PLUS,3 Daystar Avenue,92585396799219
332,Juanita,Gilbart,30/03/2000,344,ZERO,MINUS,7241 Becker Center,78108968994589
333,Cathleen,Wrightam,21/06/2003,847,AB,MINUS,86230 Debs Pass,18968863384529
334,Connie,Crocker,12/02/2003,275,ZERO,PLUS,84123 Spaight Plaza,16756141251713
335,Correy,MacKimm,30/03/2013,882,AB,PLUS,9 Boyd Parkway,64909948672844
336,Farrah,Rankling,13/11/2012,156,ZERO,MINUS,0782 Forest Way,20349387911628
337,Pascale,Exroll,05/09/2011,868,AB,PLUS,911 Mandrake Place,88153899353705
338,Lois,Ozintsev,27/09/2012,990,A,MINUS,28462 Graedel Pass,29921190331025
339,Martguerita,Bugdell,04/09/2018,890,B,MINUS,5611 Kensington Way,27947700898067
340,Dorey,Chasemore,27/08/2001,571,A,MINUS,58 Comanche Way,17062713943797
341,Minnaminnie,Seth,05/02/2007,220,A,PLUS,43 Nancy Pass,00463142396169
342,Sibelle,Eliesco,03/05/2019,982,A,PLUS,11321 Burrows Avenue,33507163646073
343,Constancia,Dowzell,04/06/2016,30,A,MINUS,7567 Elmside Hill,85914034072043
344,Leroy,Twiddle,04/04/2019,325,AB,PLUS,365 Grayhawk Point,07233180320827
345,Giusto,Morten,24/02/2011,526,B,PLUS,4 Derek Alley,88622338268452
346,Elwood,Areles,15/09/2013,711,B,MINUS,4178 Commercial Place,71022354924195
347,Peta,Toler,02/11/2016,178,B,MINUS,0 Carberry Point,60425070418556
348,Orsola,Lettson,16/01/2014,138,A,MINUS,412 Golden Leaf Crossing,65735753648455
349,Shannen,Hawarden,04/04/2019,38,A,PLUS,0347 Redwing Drive,91546129281828
350,Renee,Hendrichs,10/04/2012,694,ZERO,PLUS,368 Nelson Road,04838658745604
351,Taber,Francais,25/03/2012,344,AB,MINUS,8 Gina Park,00261441017872
352,Dante,Leonardi,02/01/2016,708,A,MINUS,198 Farmco Point,79697568211626
353,Walsh,Sedgefield,27/10/2011,711,B,MINUS,1161 Doe Crossing Court,79148297061680
354,Morlee,Tough,01/05/2016,815,B,MINUS,970 Manitowish Center,04476163294116
355,Eleanor,Ornillos,03/04/2002,437,B,PLUS,63979 Debra Circle,34492176845364
356,Guillema,Shearmer,13/04/2003,398,B,MINUS,1 Corben Place,13828634230302
357,Spence,Wordley,19/07/2009,834,A,PLUS,66913 Pine View Hill,07210066943645
358,Clemence,Goff,06/11/2017,975,B,MINUS,690 American Street,51604898641125
359,Petr,Bahike,27/02/2007,367,ZERO,MINUS,4770 2nd Road,56957738173979
360,Brittney,Lesper,17/02/2016,778,ZERO,PLUS,9 Moose Circle,98852440471378
361,Margarette,Hurdedge,14/07/2016,90,ZERO,PLUS,08 New Castle Way,56723925777864
362,Vera,Dootson,19/04/2001,386,AB,PLUS,184 High Crossing Parkway,82677540948473
363,Xena,Burling,05/06/2018,141,A,MINUS,57 Ludington Pass,35772023975799
364,Ferdinanda,Bilbrook,04/09/2016,862,B,MINUS,450 Arizona Park,51622725947851
365,Roda,Planque,14/10/2001,70,A,PLUS,997 Michigan Court,53386316145485
366,Myranda,Ianizzi,23/03/2016,68,AB,MINUS,3526 Hazelcrest Drive,81449324750091
367,Lillis,Whinney,31/03/2007,448,ZERO,PLUS,1 Blue Bill Park Circle,50533974555098
368,Kerrin,Searsby,14/03/2004,399,A,MINUS,35603 Lawn Street,53791609185270
369,Teriann,Turbayne,16/09/2005,378,AB,MINUS,80 Warbler Alley,48730876802426
370,Iosep,Ridgeway,23/04/2011,104,B,PLUS,93651 Stang Point,00093248442379
371,Fedora,Veighey,19/06/2001,994,A,PLUS,4 Esch Lane,83017415921567
372,Bartie,Weddeburn,12/05/2002,246,ZERO,MINUS,90236 Rutledge Lane,25753323890973
373,Tara,Cadle,09/04/2019,298,A,MINUS,5728 Bluejay Circle,52863131481943
374,Debi,MacAloren,25/07/2001,311,ZERO,PLUS,1 Sunbrook Crossing,83256887658582
375,Katlin,Casebourne,04/12/2012,778,B,MINUS,9377 Nelson Center,37921574318761
376,Shirlene,Hickisson,25/03/2010,241,A,MINUS,97008 Fremont Road,28658796706170
377,Joella,Shoubridge,19/02/2015,650,A,MINUS,3140 Oneill Point,13389148735416
378,Faulkner,Roust,06/07/2013,545,B,PLUS,9708 Briar Crest Plaza,35696119294980
379,Tessi,Patkin,17/04/2012,200,A,PLUS,63708 Vera Hill,26434355786522
380,Scotti,Levesley,12/08/2004,303,B,MINUS,5655 Vidon Drive,40423830456595
381,Brandice,Pendleton,30/09/2008,522,AB,MINUS,589 Bluestem Pass,37876803929893
382,Lucila,Daburn,13/09/2004,349,B,MINUS,16036 Prairieview Court,70354741363962
383,Cherye,Fleetwood,06/07/2010,529,ZERO,MINUS,95 International Court,56498141002335
384,Ursula,Pluthero,04/09/2002,887,A,PLUS,30 Huxley Center,42562031264511
385,Selinda,MacDirmid,12/05/2007,185,ZERO,MINUS,40775 Buena Vista Avenue,05960001508162
386,Quillan,Eaklee,22/01/2002,757,A,MINUS,84 Hanover Plaza,32775339801376
387,Mimi,Kirsch,25/01/2010,558,AB,MINUS,137 Truax Court,42484526591446
388,Charissa,Merill,30/10/2013,228,A,MINUS,08908 Reinke Avenue,66503952193555
389,Kayla,Spurryer,07/08/2003,804,ZERO,PLUS,5292 Mockingbird Avenue,69399375448709
390,Mary,Spandley,18/07/2006,65,AB,MINUS,513 Manitowish Junction,88985928358104
391,Hedvig,Pealing,02/07/2008,572,AB,MINUS,0 Artisan Pass,67548742514314
392,Anallese,Walker,25/01/2017,372,B,PLUS,068 Rockefeller Circle,11204612675686
393,Lyndy,Pinnock,25/08/2009,838,A,PLUS,71 Pierstorff Drive,57485882927912
394,Georgetta,Toffanelli,02/08/2015,301,AB,MINUS,370 Lighthouse Bay Road,50595629855405
395,Caro,Ryde,23/11/2005,841,A,MINUS,35853 Buena Vista Alley,80584296299053
396,Linea,Biaggetti,18/02/2011,363,B,PLUS,32554 Mifflin Junction,72551831098890
397,Curtis,Angell,14/02/2013,831,B,MINUS,6996 Meadow Valley Circle,85478051211160
398,Banky,Baytrop,07/08/2003,285,B,PLUS,57 Namekagon Trail,93324732379396
399,Lowrance,Blair,13/10/2017,827,B,PLUS,6 Eggendart Court,19827179132932
400,Sharona,Koeppke,03/04/2014,789,ZERO,MINUS,99 Union Alley,60569119003505
401,Yoko,Bosward,20/01/2014,800,B,MINUS,01 Brown Park,25306003533727
402,Aubrey,Oxford,06/03/2004,680,ZERO,PLUS,3 Pepper Wood Alley,66527244252884
403,Diannne,Brason,18/05/2016,504,B,MINUS,33892 Roxbury Hill,46389343888534
404,Berkley,Hayes,13/06/2001,984,ZERO,MINUS,18318 Holy Cross Avenue,37268814414552
405,Elisabet,Crosser,06/10/2009,599,A,PLUS,0822 Schiller Point,38196515018503
406,Corissa,Grutchfield,12/04/2007,472,B,MINUS,643 Dryden Plaza,82316109466444
407,Tildy,Viel,17/03/2000,182,B,MINUS,52994 Aberg Avenue,25471920744163
408,Theodora,Claffey,31/03/2009,798,A,MINUS,130 Coleman Junction,64474844800505
409,Babbie,Jann,24/09/2006,971,B,MINUS,4996 Manitowish Alley,55929399320243
410,Johna,Fassbindler,24/01/2005,184,A,PLUS,6 American Ash Point,42088592279757
411,Filmore,Espadater,03/08/2010,440,AB,MINUS,2400 Corben Trail,48346503653848
412,Kyrstin,Pealing,27/01/2017,411,A,PLUS,9 Prairie Rose Way,30948848405028
413,Lauren,Mack,08/01/2009,983,A,MINUS,08142 Ruskin Place,54613623437470
414,Grannie,Casina,07/03/2009,393,B,PLUS,74 Muir Trail,19741218021879
415,Waylen,Dampier,02/02/2005,15,ZERO,PLUS,7 Eliot Street,83528174573695
416,Luella,Milton,18/10/2006,915,ZERO,MINUS,67 Waywood Parkway,09190599024266
417,Alfons,Ferrettino,30/10/2008,948,B,PLUS,309 Ryan Parkway,22461789710754
418,Hesther,Iuorio,04/08/2011,131,B,MINUS,9176 Roth Street,83862987334622
419,Loree,Karlolak,11/06/2010,665,ZERO,PLUS,441 Chinook Crossing,11272914415120
420,Ky,Abramovici,24/12/2016,582,ZERO,PLUS,57262 Bartelt Court,42950389046987
421,Dionis,Van der Baaren,31/07/2016,740,A,PLUS,14 Towne Center,51619063058410
422,Ado,Najera,21/03/2018,728,B,PLUS,596 Garrison Junction,88348433970898
423,Raynell,Phillins,24/04/2006,504,A,MINUS,5 Atwood Place,41586522341510
424,King,de Marco,08/01/2005,35,B,PLUS,2403 Macpherson Junction,21095003701755
425,Wilhelmine,Rizzardo,11/05/2009,831,ZERO,PLUS,0 Hoffman Circle,17994808094852
426,Tildi,Dubble,17/07/2001,331,B,PLUS,3 Artisan Terrace,36105639177286
427,Jamill,Giffaut,26/11/2018,930,ZERO,PLUS,4 Mariners Cove Park,50608602699345
428,Abbott,Base,18/12/2018,776,AB,PLUS,946 Clarendon Crossing,62003951108669
429,Vi,Offner,12/12/2015,393,AB,MINUS,50 Huxley Lane,09510445278234
430,Janaya,Cradick,07/04/2009,548,B,MINUS,87 Talmadge Trail,85435725955011
431,Inessa,Faherty,02/05/2008,800,A,MINUS,3682 Oakridge Alley,06300975412966
432,Tiffy,Schultheiss,13/03/2005,305,AB,MINUS,2753 Victoria Street,88257404664240
433,Jade,Dunlop,14/02/2003,862,AB,MINUS,9 Dixon Park,54919208446360
434,Lockwood,Crayker,13/07/2002,765,ZERO,PLUS,63 Old Gate Alley,31568440973374
435,Daffi,Kittow,07/08/2015,583,AB,MINUS,68 Del Mar Parkway,72522227917052
436,Dorolice,Hurdedge,25/03/2005,911,B,MINUS,5938 Oriole Junction,80003195614290
437,Blondell,Smewings,18/08/2010,294,A,PLUS,11866 Caliangt Way,67222134912910
438,Markos,Danilin,12/02/2015,481,AB,PLUS,30 Gina Park,15380011619480
439,Allyn,Demageard,19/02/2005,116,AB,MINUS,67839 Norway Maple Park,10070451913893
440,Burl,Navarijo,18/04/2003,890,A,MINUS,6 Brickson Park Drive,34048368487512
441,Rea,Niess,27/03/2011,673,A,MINUS,7 Katie Hill,03281259184958
442,Jarvis,Reilly,27/04/2014,711,A,MINUS,896 Springview Road,85701778436149
443,Elwira,Archdeacon,05/09/2001,408,A,MINUS,49859 La Follette Center,40643578458910
444,Grant,Elliot,30/12/2016,31,B,MINUS,69 Manitowish Avenue,48812842092459
445,Mari,Boulton,31/05/2002,505,ZERO,PLUS,16 Nevada Center,98791289746790
446,Roderigo,Jamme,24/10/2017,794,B,MINUS,98971 Burrows Junction,06363056738639
447,Anton,Grinley,19/01/2003,843,AB,PLUS,31 Bunker Hill Hill,76279844721677
448,Hana,Beetham,10/05/2002,922,ZERO,PLUS,5 Towne Lane,88081641933675
449,Samaria,Goodreid,04/11/2018,815,A,MINUS,60347 American Ash Lane,90821169374742
450,Vale,Thurlbeck,17/03/2018,429,AB,MINUS,39 Kenwood Lane,16793477881446
451,Dev,Opdenorth,17/01/2007,930,ZERO,MINUS,322 Blaine Court,96185591363169
452,Morgen,Bremner,03/04/2007,713,ZERO,MINUS,6 Havey Crossing,43612959377033
453,Vachel,Tesimon,10/04/2019,189,ZERO,PLUS,38848 Fieldstone Place,63193823946979
454,Mollie,Sammon,22/02/2017,288,B,MINUS,55427 Quincy Drive,30997686376905
455,Rosamond,Biglin,14/05/2012,921,ZERO,PLUS,84 Badeau Pass,45217333591926
456,Flore,Whorton,23/02/2012,339,B,PLUS,554 2nd Place,23975196435700
457,Nancie,Jaine,20/05/2005,405,AB,PLUS,7 Manitowish Drive,69256698400529
458,Rooney,Stittle,28/11/2017,111,ZERO,PLUS,8 Lakewood Park,13114823043855
459,Tuckie,Machon,09/11/2016,172,A,MINUS,2827 Knutson Parkway,35079316932657
460,Jo ann,Sharrock,10/11/2015,349,A,PLUS,5 Westerfield Place,65950585820135
461,Hermione,Rao,02/06/2015,489,ZERO,PLUS,354 Nova Center,01651074681262
462,Fleurette,Paulat,03/03/2005,505,A,MINUS,045 Arapahoe Hill,35170886387167
463,Ofelia,Sibille,20/12/2010,995,ZERO,PLUS,62 Aberg Parkway,12224067786277
464,Bren,Streeten,24/02/2014,378,B,MINUS,50890 Mifflin Way,09584650129704
465,Rani,Ivasechko,09/09/2009,978,ZERO,MINUS,35649 Sloan Lane,50998389168806
466,Janette,Dumphries,18/12/2014,638,ZERO,MINUS,3 Brown Trail,20003367605260
467,Pierette,Ferminger,07/07/2015,100,AB,PLUS,2156 Cody Lane,10406912438310
468,Florie,Dauber,12/08/2018,468,B,PLUS,0 Manufacturers Circle,89638568518360
469,Dunn,Forlong,02/09/2010,211,AB,PLUS,51571 Meadow Valley Pass,58279231156001
470,Stepha,Reveland,19/01/2010,320,ZERO,PLUS,9 Schurz Alley,88249545343288
471,Myrle,Bowkley,22/04/2019,887,A,PLUS,6626 Longview Center,74812857303934
472,Beaufort,Swindell,11/07/2017,499,B,MINUS,22630 Huxley Court,88072606502691
473,Hettie,Starmer,19/02/2010,48,AB,PLUS,7356 Beilfuss Pass,72127460037588
474,Loralyn,Tunn,21/10/2005,235,ZERO,MINUS,41 Oxford Point,77661881387080
475,Rudyard,Neising,25/10/2015,927,AB,MINUS,8 Tomscot Point,80966421287089
476,Sandye,Lehr,08/11/2003,147,AB,PLUS,01 Sachtjen Road,10457840825443
477,Sigismund,Meah,22/06/2016,936,ZERO,MINUS,826 Sugar Street,50876224462177
478,Rubin,Browell,24/11/2007,788,B,PLUS,34223 Summer Ridge Junction,55535199722580
479,Glyn,MacBey,20/03/2012,83,B,MINUS,793 Bonner Pass,66231965997993
480,Solomon,Ghio,01/05/2019,548,B,MINUS,78027 Duke Way,91141196222411
481,Concettina,Nathon,29/11/2002,14,B,PLUS,6 Schlimgen Trail,07261313706643
482,Tomaso,Perot,05/01/2005,647,A,MINUS,80 Schmedeman Lane,06527763610180
483,Rosetta,Bailes,24/06/2005,289,B,MINUS,57 Cottonwood Street,64757080684584
484,Jaine,Stelfax,02/04/2003,523,ZERO,MINUS,838 Melody Road,36671702465059
485,Silva,Cleall,04/03/2019,163,B,PLUS,347 La Follette Crossing,13518353186882
486,Frans,Camelli,13/04/2006,195,B,PLUS,2558 Sachtjen Drive,42719735245679
487,Agosto,Wakeling,27/05/2003,309,ZERO,PLUS,12 Doe Crossing Point,15231401596395
488,Abe,Cloy,20/02/2018,878,B,MINUS,9 Marcy Park,51198751918140
489,Regina,Davids,28/04/2019,298,B,PLUS,5 Autumn Leaf Drive,90802190498052
490,Christean,Tregona,23/06/2012,728,ZERO,MINUS,0940 Shelley Junction,92848123724862
491,Inna,Vanelli,02/03/2003,441,A,MINUS,52203 Fordem Park,70147924772823
492,Boyd,Lethabridge,30/03/2012,530,ZERO,PLUS,57022 Heath Avenue,98458164674023
493,Gizela,Reoch,04/04/2008,515,AB,MINUS,6 Rutledge Trail,13975638466348
494,Erma,Lourens,11/04/2013,444,ZERO,PLUS,84590 Scott Drive,03404609679799
495,Ira,Forestel,24/11/2005,41,ZERO,MINUS,07612 Artisan Road,84793413373013
496,Matthew,Fodden,02/09/2003,714,A,PLUS,1 Lakewood Gardens Trail,06427720380558
497,Mic,Kingsnode,26/07/2015,946,AB,PLUS,94542 Bluejay Center,45430875315057
498,Quentin,Lowdwell,08/02/2004,433,ZERO,PLUS,18 Michigan Lane,70692323773476
499,Amble,Gudger,21/05/2016,775,AB,PLUS,0 Aberg Drive,57892480199845
500,Krystle,Walak,11/10/2009,242,A,MINUS,2 East Avenue,36322776061471
501,Corena,Agent,25/11/2009,894,A,PLUS,56024 Lukken Drive,52653968610026
502,Alyce,Caltun,25/03/2008,730,ZERO,PLUS,45548 Spaight Park,71520203256622
503,Hedvig,Lavis,07/03/2013,913,ZERO,MINUS,74 Westport Place,23206132763635
504,Cyril,Felgate,14/08/2000,584,A,PLUS,4 Carey Point,26042849850700
505,Lonnie,Calbreath,04/03/2019,944,B,MINUS,51 Ludington Parkway,60538089371813
506,Merissa,Kincaid,06/07/2000,547,AB,MINUS,420 Morrow Road,84180387083854
507,Chad,Grebner,28/09/2018,712,AB,PLUS,3 Dahle Crossing,42826961978813
508,Wilmer,Grabbam,01/12/2013,231,B,MINUS,5 Victoria Center,37769141113900
509,Gordy,Feldberger,21/08/2003,20,ZERO,MINUS,91 Aberg Terrace,90031992487686
510,Phyllys,Symondson,19/03/2017,751,AB,PLUS,9851 Veith Center,85653515182790
511,Dolli,Osbaldstone,05/09/2001,299,ZERO,MINUS,9 Corry Way,79368475180378
512,Shara,Cracknell,30/09/2018,424,B,MINUS,2 Shoshone Terrace,42191510231404
513,Benetta,Brislawn,13/09/2012,905,ZERO,MINUS,7276 Gateway Way,16654675584199
514,Colly,Tidy,13/05/2018,554,B,PLUS,9 Village Green Alley,14618565619680
515,Harmonia,Micheau,01/11/2005,870,ZERO,PLUS,463 Lotheville Hill,18653344451575
516,Parker,Bagniuk,12/05/2003,986,A,MINUS,9850 Eastlawn Trail,85297811430173
517,Shela,Steer,05/04/2003,947,B,PLUS,9 Oriole Drive,65293638076428
518,Danielle,Prettyman,30/05/2013,562,A,PLUS,0 Kinsman Point,32934081286972
519,Stacie,Domokos,11/06/2001,796,AB,MINUS,849 Mockingbird Trail,55440048286840
520,Annabela,Tweedlie,17/11/2018,651,ZERO,PLUS,5353 Del Sol Point,27044922327907
521,Sapphire,Borgars,07/06/2002,338,ZERO,PLUS,788 Dottie Crossing,85824434755819
522,Erhart,Quest,24/05/2007,653,AB,MINUS,719 Little Fleur Court,33047791016806
523,Skip,Gobbet,23/12/2018,609,A,MINUS,0 Fieldstone Plaza,93513491307286
524,Bonnibelle,Baake,19/06/2007,282,A,MINUS,0454 Vera Street,10905386728782
525,Antonio,McAllaster,07/08/2013,119,B,MINUS,7 Hazelcrest Way,79716989242965
526,Ringo,Thoumasson,02/09/2009,5,ZERO,PLUS,8850 Bonner Crossing,50803037579903
527,Leeland,Gosden,10/09/2003,324,B,MINUS,550 School Hill,45854432627327
528,Joya,Doonican,12/01/2002,920,ZERO,PLUS,58867 American Ash Junction,58997027165833
529,Peyter,Birkmyre,13/02/2000,658,B,PLUS,0032 Monica Court,51340904960995
530,Leighton,Jillard,29/03/2015,342,B,PLUS,56462 Myrtle Pass,92194194286387
531,Ulrikaumeko,Gifford,07/08/2016,954,B,PLUS,6 Village Crossing,94041805777552
532,Bernie,Wilmington,02/11/2015,757,AB,PLUS,88 Northport Plaza,51438018032351
533,Marty,Couvert,03/12/2005,642,ZERO,PLUS,75 Hooker Court,48075417574528
534,Ronny,Ennever,10/07/2018,1,A,MINUS,2344 Sunfield Pass,92419337549418
535,Averyl,MacAskill,21/09/2001,95,AB,MINUS,925 International Terrace,80110750084891
536,Laney,Curzey,25/10/2008,874,B,MINUS,793 Lighthouse Bay Plaza,61176257939675
537,Drucie,Van Velde,08/03/2003,255,ZERO,MINUS,4803 Graceland Road,49070000057287
538,Klement,Iwanowski,14/10/2006,718,A,MINUS,6292 Laurel Pass,59836866223879
539,Margalo,Tetley,02/08/2001,968,B,PLUS,1 Corry Street,97644383835752
540,Tanitansy,Jikylls,15/11/2007,984,B,PLUS,578 Old Gate Trail,42621228921005
541,Shela,Napolitano,09/06/2009,562,ZERO,MINUS,1596 Basil Pass,03436890918695
542,Berte,Koppeck,20/03/2010,545,AB,PLUS,74 Mayfield Crossing,51266927072304
543,Pietro,Allsepp,07/11/2014,965,B,PLUS,93466 Canary Crossing,53780292468747
544,Henrietta,Muff,23/02/2018,582,AB,MINUS,1039 Riverside Place,32879696934129
545,Timothy,Ponnsett,21/04/2002,83,AB,MINUS,86 Rieder Alley,28478669803712
546,Elmira,de Clerc,20/04/2009,534,AB,PLUS,07648 Blackbird Parkway,15880112094399
547,Bessie,Darridon,27/03/2013,228,B,PLUS,79 Debs Plaza,30319052896462
548,Nora,Glyssanne,27/01/2012,390,AB,MINUS,277 Shasta Court,83766936609774
549,Reamonn,Trenaman,01/01/2015,499,AB,PLUS,9 Eggendart Street,83165047155183
550,Lemmie,Dumbarton,15/01/2014,421,A,MINUS,03854 Village Avenue,97457920078513
551,Ferne,Hatch,10/09/2014,113,B,PLUS,579 Ridgeview Court,51582008864114
552,Konstantin,Gueinn,30/08/2005,885,A,MINUS,59744 Sachtjen Center,46384499188376
553,Emory,O'Carran,28/02/2003,206,ZERO,MINUS,1997 Shasta Center,07773005786038
554,Nana,Mabbett,03/10/2000,926,A,MINUS,23 Annamark Alley,39214444110269
555,Eada,Harnett,27/06/2012,720,ZERO,PLUS,01531 Mockingbird Street,31149047857792
556,Lyndell,Kolodziejski,09/02/2015,394,A,MINUS,85 Darwin Crossing,16724223236258
557,Leena,Brummitt,28/01/2013,330,AB,MINUS,924 Schurz Trail,96920581157847
558,Lydon,Loosley,30/10/2006,633,AB,MINUS,41 Schiller Circle,80622100826834
559,Isidoro,Kingscote,06/06/2008,761,AB,MINUS,28 Oriole Avenue,53325148608652
560,Timothea,Doherty,25/02/2012,680,ZERO,MINUS,0746 Mesta Plaza,54691590741089
561,Regen,Tortoise,10/02/2015,312,AB,MINUS,80206 Warbler Court,71855756334428
562,Sholom,Croyser,08/07/2004,709,A,MINUS,37058 Caliangt Circle,61679574596170
563,Myrvyn,Aldrich,23/11/2016,75,ZERO,PLUS,1426 Lotheville Street,74830970866967
564,Dietrich,Playhill,07/04/2011,127,B,MINUS,68563 Longview Terrace,78446573345549
565,Bartlett,Wolfit,07/10/2014,757,AB,PLUS,69 Mendota Circle,49642011936184
566,Arlie,Showte,12/06/2012,579,AB,MINUS,2162 Truax Court,84255433851187
567,Benyamin,Peerman,12/04/2006,38,ZERO,MINUS,2399 Larry Circle,76923204253575
568,Axe,Romeuf,22/06/2006,468,B,PLUS,65545 Hauk Avenue,85614359223181
569,Gamaliel,Theobold,23/07/2011,474,A,MINUS,04674 Derek Trail,14187897904772
570,Burton,Scholtz,24/12/2013,150,AB,PLUS,2045 Sloan Hill,77085297290004
571,Ranique,Bodicum,13/10/2002,508,A,MINUS,3272 Katie Junction,36442016085162
572,Nelia,Nornasell,22/06/2002,431,A,PLUS,8 Twin Pines Road,95533773945357
573,Dorise,Pantry,20/02/2018,207,B,MINUS,923 Oakridge Point,81615302291619
574,Garvin,Simic,25/06/2004,761,A,PLUS,1 Autumn Leaf Court,45918520680162
575,Ericha,Wickman,20/02/2018,306,AB,PLUS,103 Fairfield Parkway,51534588020420
576,Florette,Goranov,27/09/2018,875,ZERO,PLUS,665 School Avenue,66857650524532
577,Alistair,Gulston,12/01/2014,508,B,PLUS,611 Spenser Street,89447246383298
578,Ellissa,Trendle,23/07/2000,499,ZERO,MINUS,1561 Loeprich Court,01265271324508
579,Jamey,Evenett,04/01/2019,147,A,MINUS,5 Namekagon Crossing,30327258128111
580,Brocky,Vaughten,25/02/2005,527,B,MINUS,18 Thierer Plaza,73769269544871
581,Philbert,Scudders,24/02/2010,639,A,PLUS,99977 Westerfield Point,85399800344652
582,Genevieve,Cawdron,29/04/2002,628,AB,MINUS,094 Bluejay Street,27942384935128
583,Nelson,Johnikin,16/07/2002,967,AB,MINUS,979 Golf Road,95598503600437
584,Gilles,Wilflinger,03/02/2018,601,ZERO,MINUS,49897 Reinke Parkway,05720316507252
585,Rochell,Enocksson,16/09/2018,16,ZERO,PLUS,03920 Hooker Drive,40214016831929
586,Lawry,Maccari,25/10/2008,965,AB,MINUS,956 Browning Crossing,63290396530909
587,Inness,Cluckie,24/02/2019,680,AB,MINUS,8 Eliot Plaza,28390247627039
588,Carlotta,Lorentzen,31/01/2005,457,AB,MINUS,0 Texas Parkway,08739305760568
589,Stefanie,Steffan,25/05/2005,557,ZERO,PLUS,5 Mendota Parkway,11743803488830
590,Binnie,McAllaster,05/07/2018,23,B,MINUS,5915 Ronald Regan Circle,40272023193694
591,Kelsey,Joire,28/07/2011,179,B,MINUS,811 Karstens Court,08849934991451
592,Row,Aggus,25/07/2010,609,ZERO,PLUS,037 Surrey Court,60764573640487
593,Artemas,Haville,07/03/2006,57,B,PLUS,90347 Springview Circle,31207512981936
594,Chandra,Balharry,08/12/2014,864,ZERO,MINUS,1 7th Place,79346132530450
595,Tandy,Andrivot,01/02/2003,833,ZERO,MINUS,0 Springs Point,41670032547898
596,Ellene,Richford,08/01/2010,848,B,MINUS,66311 Kennedy Road,70559840147425
597,Amabel,Petrescu,13/09/2012,824,A,PLUS,9076 Northview Point,33900898353034
598,Bernadette,Stroobant,03/03/2008,168,B,MINUS,5182 Hintze Junction,61331265152989
599,Terrie,Martland,12/11/2014,564,A,MINUS,1 Independence Point,66611709323384
600,Marchall,Freeburn,30/06/2017,180,ZERO,PLUS,19358 Claremont Center,26502107650519
601,Maible,Shemilt,18/07/2007,839,B,PLUS,114 Dakota Plaza,86319905441659
602,Corri,Fumagalli,15/12/2001,708,ZERO,MINUS,44 Parkside Road,17840870032405
603,Sergei,Acheson,08/03/2009,376,ZERO,PLUS,15398 High Crossing Park,67905734031567
604,Jacklyn,Hrinishin,31/07/2001,979,AB,MINUS,0 Montana Parkway,59439088911328
605,Blinny,Malicki,21/05/2009,806,A,MINUS,08 High Crossing Drive,75618804658954
606,Elinore,Iglesias,26/04/2016,791,AB,MINUS,52 Dexter Trail,03421398992927
607,Laura,Meace,07/02/2000,424,B,PLUS,5982 Grasskamp Plaza,36364818887382
608,Alvie,Drysdale,26/01/2002,853,B,PLUS,52 Ridgeview Drive,59487525347890
609,Hilary,Sone,26/05/2005,864,A,PLUS,79 Montana Road,45980650161831
610,Flossi,Andino,30/03/2003,651,AB,PLUS,15 Erie Pass,27667683265091
611,Esma,Szabo,22/09/2017,496,AB,PLUS,0476 Grover Place,44292538203051
612,Danica,Burnsall,21/04/2000,381,ZERO,PLUS,38130 Bunker Hill Trail,34963176640271
613,Margi,Abotson,01/01/2017,457,ZERO,PLUS,15238 Hansons Crossing,74454585273259
614,Leupold,Kalker,20/11/2015,352,A,MINUS,67645 Summer Ridge Crossing,99247295201033
615,Quinlan,Skerme,12/11/2018,124,AB,PLUS,631 Arapahoe Alley,01440611236345
616,Chaddy,Frowd,13/04/2018,780,A,PLUS,6472 Orin Center,48386000832688
617,Darill,Van Merwe,20/04/2004,255,AB,MINUS,8554 Starling Lane,59869570085457
618,Dierdre,Santori,29/07/2007,546,ZERO,PLUS,167 Aberg Alley,70463708116245
619,Wake,Cato,16/10/2013,256,AB,MINUS,32 Maywood Park,35752566891099
620,Erin,de Najera,24/04/2004,577,ZERO,MINUS,26533 Columbus Junction,53517560663527
621,Sibley,Upfold,21/05/2003,986,A,MINUS,66058 Eagan Junction,19351288151491
622,Isaac,Learmonth,31/03/2017,753,AB,PLUS,1148 Dovetail Court,49808088948849
623,Cyb,Ferrarin,03/12/2017,276,AB,PLUS,08 1st Alley,68231395749847
624,Anica,Harp,26/12/2003,681,AB,MINUS,21096 Prairieview Terrace,64634894544321
625,Lira,Bartke,30/01/2007,222,B,MINUS,204 Hintze Crossing,44916725260206
626,Benny,Brearley,16/05/2013,507,B,PLUS,9 Rusk Way,56175236375379
627,Georgette,Friedlos,17/09/2017,393,AB,PLUS,3 Ruskin Road,16230403555055
628,Jobi,Kelcher,01/08/2018,255,AB,MINUS,5 Hintze Avenue,48709364891364
629,Chrissy,McClelland,04/02/2006,132,ZERO,MINUS,4 Arapahoe Drive,86873875084893
630,Gilli,Duigenan,17/11/2001,798,B,MINUS,52510 Valley Edge Crossing,46429376149044
631,Bari,Connelly,19/06/2004,71,AB,MINUS,7278 Spenser Crossing,23454655500443
632,Joachim,Keson,08/11/2002,234,A,PLUS,6 Sachs Place,96601657673569
633,Kati,O'Cannan,13/10/2012,513,AB,PLUS,38 Arapahoe Circle,11998384919618
634,Genvieve,Chapiro,01/09/2013,289,AB,MINUS,6 Emmet Plaza,25713666648459
635,Meriel,Sale,13/08/2000,327,AB,MINUS,83485 Holy Cross Court,64441489083046
636,Gage,Setchell,08/07/2009,279,A,MINUS,6 Golf Center,16085504728880
637,Micky,Dutnell,09/07/2008,517,A,MINUS,7 Leroy Lane,45105966296659
638,Johnette,Fouracres,01/08/2013,228,AB,MINUS,225 Stoughton Drive,94456413942006
639,Matilda,Gaitskell,23/10/2013,488,AB,PLUS,17 Sugar Hill,74945081558186
640,Madelene,L' Estrange,03/07/2017,845,B,MINUS,901 Main Pass,40929989462847
641,Wake,Piggens,11/10/2018,493,AB,MINUS,68 Park Meadow Crossing,43749658736546
642,Robbie,Whanstall,04/11/2018,795,AB,MINUS,7425 Bartelt Drive,18473782681611
643,Jermain,Cuniffe,06/09/2003,446,A,MINUS,973 Nelson Point,62679026209995
644,Eward,Duffill,09/03/2019,162,AB,MINUS,15222 Caliangt Park,44790939376345
645,Colene,Wines,21/08/2016,656,ZERO,MINUS,0 Morrow Court,13429976574019
646,Hailee,Cosans,10/04/2003,476,A,PLUS,08248 Stoughton Center,13847244382940
647,Isabeau,Boman,09/12/2016,921,AB,PLUS,982 Oriole Avenue,90788576242680
648,Clemence,Wenden,02/09/2004,692,AB,MINUS,663 Victoria Alley,33395721942871
649,Cecily,Lambersen,08/12/2006,449,ZERO,MINUS,84 Oakridge Road,52937078696348
650,Jake,Morant,29/01/2015,989,AB,PLUS,6 Westridge Road,69948980285208
651,Veronike,Zorzenoni,03/09/2006,322,B,MINUS,76 Glacier Hill Pass,20486946957190
652,Jackelyn,Pavelin,05/11/2009,243,ZERO,MINUS,8 Oakridge Trail,35074734048914
653,Judie,Grellier,14/08/2014,170,AB,MINUS,45547 Luster Street,92082592560605
654,Louise,Kirkby,28/04/2014,786,ZERO,MINUS,23 New Castle Pass,63529294013922
655,Sharl,Harbor,28/10/2004,826,B,MINUS,7822 Warrior Street,72801554875592
656,Ev,Hickinbottom,31/07/2008,751,AB,MINUS,1 Harper Avenue,77211432985570
657,Fancie,Di Filippo,24/07/2002,194,A,PLUS,431 Porter Point,99798895750992
658,Brucie,Old,02/05/2016,835,AB,MINUS,99572 Dottie Avenue,64574319342420
659,Tabbitha,Warnock,22/01/2014,779,ZERO,PLUS,74176 Northland Avenue,14457219759954
660,Demetria,Tancock,14/08/2003,709,B,MINUS,7345 Aberg Avenue,73072406703495
661,Garland,Kondrachenko,12/08/2018,430,AB,PLUS,88933 Messerschmidt Place,83747731020543
662,Valerie,Ubsdall,05/06/2013,32,AB,PLUS,2741 Stone Corner Crossing,51688340345490
663,Muffin,Peirpoint,26/11/2015,306,AB,MINUS,64113 Kropf Lane,73691202375297
664,Linea,Harbisher,10/01/2011,717,B,PLUS,462 Kim Alley,10774397863080
665,Elyse,Itscowicz,18/10/2002,199,A,MINUS,536 Corry Terrace,19943271238347
666,Joey,Farnham,04/11/2006,222,ZERO,MINUS,1890 Gulseth Circle,89549992999212
667,Thornie,Moorwood,20/04/2000,972,B,PLUS,98254 Ludington Street,13311324538395
668,Reidar,Beyer,02/02/2004,474,ZERO,PLUS,0904 Donald Circle,99021875499751
669,Cal,Chaddock,23/10/2009,946,A,MINUS,51073 Kennedy Terrace,48609104808328
670,Victoria,Pydcock,29/05/2000,12,B,PLUS,6 Harbort Avenue,96446702576719
671,Nickola,Pollen,07/11/2009,905,B,PLUS,103 Hazelcrest Way,35227425489265
672,Korey,Asaaf,02/07/2018,270,B,MINUS,100 Northfield Way,29487116893989
673,Foss,Robertsson,19/03/2016,181,ZERO,MINUS,0 Prentice Lane,41278802882592
674,Edwin,Jinkins,01/08/2009,183,AB,PLUS,5421 Mandrake Hill,53007752823289
675,Hynda,Lemmers,27/04/2013,809,A,MINUS,1397 Wayridge Parkway,08754450664444
676,Derry,Usherwood,06/02/2014,925,A,PLUS,059 Gerald Circle,85796572322010
677,Michele,McQuorkel,11/12/2017,403,B,PLUS,655 Mandrake Point,34472529796545
678,Sonnie,McElvogue,31/03/2013,91,B,MINUS,5388 Grayhawk Park,35404094073325
679,Hurley,Sturridge,12/12/2001,946,ZERO,PLUS,23016 Onsgard Place,42334995898919
680,Harvey,Bowlas,07/12/2001,762,ZERO,PLUS,4 Hallows Place,35497236713451
681,Lyda,Guilaem,06/03/2007,569,ZERO,MINUS,50020 Mayfield Lane,27832478776902
682,Hephzibah,Curtiss,26/05/2000,350,B,PLUS,838 Melrose Center,60997793678795
683,Nathanael,Ridsdell,10/01/2005,201,B,PLUS,2 Riverside Terrace,13013194581621
684,Nowell,Dungate,20/10/2008,488,ZERO,PLUS,966 Sheridan Plaza,22836450285081
685,Gabbie,Couldwell,28/05/2014,341,A,PLUS,0 Dwight Plaza,53791224816070
686,Perice,Cleve,30/12/2011,856,A,MINUS,9 American Ash Trail,40783990872296
687,Gwendolin,Galgey,24/05/2009,984,AB,PLUS,9 Waxwing Crossing,21029032230663
688,Cherlyn,Durrad,11/02/2010,989,ZERO,MINUS,47 Golden Leaf Road,86365678384785
689,Klara,Ravenscroft,12/08/2011,650,A,MINUS,5 Muir Circle,68752022960949
690,Emilio,Terzo,16/04/2009,956,ZERO,MINUS,886 Sage Pass,21664829508214
691,Trudi,Broxton,04/10/2015,824,A,MINUS,9 Mcguire Place,93000913463921
692,Paige,Cock,27/03/2007,509,B,MINUS,6 Chive Court,49197569859689
693,Maynard,Kelner,17/12/2000,179,AB,MINUS,8 Golf View Park,33485056327804
694,Bendicty,Mattis,22/01/2019,161,AB,MINUS,5 Ronald Regan Park,80646768233683
695,Stanwood,McKendry,12/08/2013,302,A,MINUS,63257 Green Avenue,17917654179791
696,Dalt,Veart,24/01/2007,20,B,MINUS,5 Monterey Center,26995288655527
697,Webb,Sharples,04/12/2001,425,ZERO,MINUS,4142 Colorado Terrace,97099716903866
698,Kacy,Haggett,16/01/2015,534,AB,PLUS,6 Roxbury Junction,63712810264596
699,Saloma,Valde,16/04/2004,794,AB,PLUS,127 Northport Hill,62424146654246
700,Odelle,Renner,13/04/2019,977,A,PLUS,3 Scott Place,63465940697907
701,Carolus,Nulty,05/03/2004,429,B,MINUS,716 Maple Center,98628725577198
702,Temp,Sousa,23/03/2017,62,B,MINUS,7 Pleasure Street,52409356949987
703,Liliane,Noir,03/10/2005,491,B,MINUS,24 Scoville Avenue,46776038415589
704,Emmalynne,Scraney,06/01/2018,896,ZERO,PLUS,600 Mesta Place,21437477806153
705,Wakefield,Eaglestone,20/12/2002,839,B,MINUS,21 Crownhardt Place,29593045572875
706,Rube,Aharoni,09/05/2003,730,A,PLUS,47 Riverside Center,62058848832073
707,Shel,Penhale,20/05/2013,909,ZERO,PLUS,34 Prairie Rose Avenue,71918974102823
708,Neile,Brogini,09/02/2013,293,ZERO,MINUS,59814 Mayfield Hill,63795420020755
709,Nada,McMurthy,29/01/2008,899,AB,PLUS,7627 Harbort Drive,47523759627418
710,Emile,Auletta,12/12/2017,711,B,PLUS,5430 Sunbrook Center,83908575028129
711,Cathyleen,Pawellek,21/01/2009,993,AB,PLUS,25493 Shoshone Center,67467530617406
712,Kennith,McIsaac,21/06/2004,955,AB,MINUS,3 Johnson Road,01417023413230
713,Tommie,Vidler,10/03/2011,698,A,MINUS,305 Sachtjen Crossing,46403839812108
714,Jeddy,Oswald,16/12/2007,572,A,PLUS,43 Hoard Center,68710806548749
715,Dyanne,Northleigh,09/07/2005,637,AB,PLUS,42595 Magdeline Lane,89350494959600
716,Orv,Francescotti,14/05/2002,176,B,MINUS,2868 Fair Oaks Drive,84372913210025
717,Melvyn,Macconaghy,27/10/2003,632,AB,PLUS,7 Veith Way,46385302432864
718,Lolly,Devericks,23/10/2007,623,A,MINUS,345 Fair Oaks Terrace,27650928526915
719,Ladonna,Willford,28/03/2004,56,ZERO,MINUS,9755 Manitowish Court,39660605563391
720,Wallie,Shmyr,23/03/2004,707,ZERO,MINUS,495 Ruskin Street,68463169437837
721,Eadmund,Cromarty,24/07/2013,990,B,MINUS,3103 Dwight Road,94191397314392
722,Aveline,List,24/09/2017,271,AB,PLUS,51431 Hudson Avenue,18136447060413
723,Blinny,Lewsey,27/08/2009,670,AB,MINUS,86 David Hill,08326751903634
724,Lisabeth,Wakeford,11/04/2014,347,A,MINUS,29056 Daystar Plaza,29423041759760
725,Adrien,McMakin,25/07/2018,543,B,MINUS,4 Mayer Road,55016151116360
726,Jackqueline,Allicock,12/12/2010,649,B,PLUS,3801 Eastlawn Circle,65772924595873
727,Hyacinthie,Blakeley,27/07/2012,939,A,PLUS,827 Ridgeview Pass,32694594473744
728,Sonni,Sillick,06/11/2010,869,ZERO,PLUS,4286 Buena Vista Terrace,54112636960081
729,Eve,O' Clovan,17/04/2011,257,A,PLUS,7 Gulseth Pass,35080778882923
730,Elysia,Feuell,07/08/2016,588,AB,PLUS,707 Burning Wood Drive,49092493768266
731,Eldin,Allaker,22/09/2006,413,AB,PLUS,2 Forest Dale Avenue,90817370400729
732,Eba,Wringe,21/10/2001,799,ZERO,PLUS,12543 Knutson Circle,26298190414745
733,Nadine,Gramer,09/07/2016,205,AB,PLUS,2 Corry Drive,73054431408957
734,Man,Mathou,08/06/2002,885,ZERO,MINUS,378 Autumn Leaf Lane,43899885696193
735,Loralie,Trussman,27/06/2000,247,AB,MINUS,64902 Hanson Place,78472064642743
736,Roch,Karpfen,18/01/2019,771,AB,MINUS,79213 Dunning Pass,52262225862536
737,Benni,Castagnet,04/04/2016,613,A,MINUS,18 Briar Crest Hill,82910272152588
738,Keene,Robinet,01/12/2017,393,A,MINUS,74 Novick Street,08892588661900
739,Mata,Racher,03/11/2016,344,ZERO,MINUS,9370 Bashford Trail,92605508933618
740,Pepe,Sparrowhawk,29/04/2019,316,ZERO,PLUS,2996 Upham Circle,45144110723638
741,Carolyne,Gipson,06/02/2019,501,B,MINUS,19 Delladonna Crossing,52047741039715
742,Kimmi,Bateman,16/09/2012,613,AB,PLUS,6 Old Gate Drive,54416365626973
743,Charis,Hartford,29/06/2015,268,AB,MINUS,07 Luster Way,15756957789343
744,Nana,Fullagar,09/08/2005,361,ZERO,MINUS,639 Lyons Court,54743385457014
745,Horatia,Barbosa,02/08/2012,616,B,MINUS,5852 Declaration Trail,37989328141197
746,Ludovico,Lyddyard,24/03/2018,704,B,MINUS,8 Eggendart Junction,14563998266365
747,Mortimer,Schuelcke,28/06/2016,776,ZERO,MINUS,6 Hoepker Center,25350327090420
748,Martie,Amberson,06/07/2001,632,A,PLUS,6582 Golf Junction,12821101125423
749,Hyacinthia,Bramwich,30/12/2017,449,B,PLUS,0 Huxley Plaza,80309460724794
750,Rolph,Bassilashvili,13/04/2007,456,B,PLUS,4407 Commercial Point,15917004085397
751,Wiley,Fransinelli,15/10/2008,708,AB,MINUS,78 Chive Street,04845749994447
752,Paula,Rigate,09/05/2016,548,B,MINUS,5 Dryden Parkway,42714099861971
753,Elsi,Mill,12/07/2010,717,AB,MINUS,67 Meadow Vale Crossing,87375021194792
754,Riccardo,Elstob,07/10/2017,328,A,MINUS,559 Hintze Terrace,25487223564851
755,Lizbeth,Ravenscroft,02/06/2015,333,B,PLUS,12 Golf Course Terrace,04291816381484
756,Dukie,Towler,01/03/2001,972,AB,MINUS,02 Mosinee Terrace,52361874462188
757,Helenka,Winter,05/12/2006,201,AB,MINUS,17584 Mariners Cove Junction,28813914126260
758,Orelee,Pendleberry,30/05/2014,948,B,PLUS,60148 Oak Parkway,24247149060120
759,Crissy,Tesyro,07/02/2000,575,A,MINUS,2432 School Street,68268784752834
760,Eolanda,Ohrtmann,09/12/2009,305,ZERO,MINUS,9 Brentwood Plaza,36646067298580
761,Brigida,McManamon,17/08/2004,550,A,MINUS,563 Green Court,22915331044484
762,Alfie,Auchterlony,28/12/2003,208,B,PLUS,3119 Hauk Point,78835484563979
763,Sonia,Critchlow,03/03/2015,770,AB,MINUS,13345 Bay Parkway,30390329074054
764,Candy,Kitney,03/03/2017,342,B,PLUS,3 Kenwood Hill,13560496217328
765,Paolina,Gutherson,28/02/2003,66,ZERO,MINUS,238 Milwaukee Crossing,08378826848879
766,Gwyneth,Duran,20/02/2012,828,ZERO,MINUS,478 Meadow Valley Drive,27592556434416
767,Consuelo,Gravestone,20/12/2002,661,A,MINUS,924 Kim Hill,67377083622364
768,Di,Saundercock,17/01/2004,761,AB,PLUS,8199 Summit Circle,27679504630649
769,Franni,Jessen,10/10/2005,243,A,MINUS,8 Dexter Court,18739611747804
770,Simmonds,Blaszkiewicz,08/01/2011,905,ZERO,MINUS,7300 Drewry Trail,05001355434358
771,Zorine,Gready,09/10/2000,967,ZERO,PLUS,78 Susan Hill,26493678314979
772,Mamie,Spandley,22/08/2010,103,AB,MINUS,146 Vahlen Parkway,77232177886126
773,Christiano,Philipard,04/10/2016,852,B,MINUS,347 Everett Drive,43414283189529
774,Amble,O'Clery,04/04/2007,17,A,MINUS,51017 Ilene Trail,25106976007901
775,Boot,Nanson,23/10/2015,628,A,PLUS,43 Sundown Center,87819474614373
776,Lilllie,Line,13/07/2008,755,A,PLUS,6 Center Circle,76564562090085
777,Janifer,Farncomb,18/02/2002,503,ZERO,MINUS,32 Blue Bill Park Circle,97325767649336
778,Vaughn,Maudsley,14/04/2011,898,B,MINUS,2 Weeping Birch Court,01979029707690
779,Gabie,Dallicoat,15/04/2002,951,A,PLUS,44 Michigan Junction,28612695079825
780,Gus,Veschi,16/09/2007,204,B,MINUS,8438 Melby Point,51524524720960
781,Audra,Gothard,27/05/2007,32,B,MINUS,202 Prairieview Trail,25772835702903
782,Talbot,Ironside,01/07/2014,359,AB,PLUS,66 Carey Point,02951375512549
783,Augy,Inkle,29/04/2014,909,ZERO,PLUS,29 Meadow Valley Place,96246827856136
784,Bradney,Frosch,03/06/2013,190,ZERO,PLUS,551 Schmedeman Place,71413798109295
785,Christie,Swinn,21/09/2013,966,ZERO,MINUS,3 Oneill Junction,44862979563665
786,Nichol,Terbeck,02/02/2010,800,A,MINUS,628 Colorado Alley,09187409786441
787,Barbabra,O'Brallaghan,30/09/2001,119,AB,PLUS,63 Chive Drive,73664953729534
788,Wynn,Stampfer,31/05/2002,444,ZERO,PLUS,217 Hanover Street,54963152879441
789,Crystie,Eisenberg,15/05/2018,504,ZERO,PLUS,628 Del Sol Plaza,82916973848695
790,Laurens,Phair,09/04/2003,437,ZERO,PLUS,82 Memorial Avenue,06393668710697
791,Shepherd,Clowley,08/10/2000,864,B,MINUS,148 Corry Center,44217876399987
792,Lukas,Adshad,09/10/2005,407,B,MINUS,80 Springs Terrace,94461378809318
793,Hildy,Gales,11/11/2011,353,ZERO,MINUS,2 Fairview Way,98698247550394
794,Tonnie,Gabites,31/01/2010,267,AB,MINUS,90 Graedel Pass,28036921516262
795,Ethelbert,Yakushkev,10/03/2011,352,ZERO,PLUS,6782 Union Alley,52219419868190
796,Lura,Laskey,03/05/2001,441,B,PLUS,639 Holmberg Street,81916807121622
797,Jamison,Fullegar,07/10/2000,820,ZERO,MINUS,2 Sunbrook Point,20058161642640
798,Glynnis,Caltun,28/03/2006,998,A,MINUS,46737 Eagle Crest Way,21203673383592
799,Afton,Ruberti,16/12/2008,384,ZERO,MINUS,358 Truax Way,90338882337755
800,Waneta,Worboys,11/02/2011,924,AB,MINUS,92403 Katie Avenue,06375025843935
801,Corinna,Wank,03/08/2009,594,A,PLUS,00 Eggendart Point,46362144810880
802,Cherrita,Keymer,14/07/2001,836,A,MINUS,0 Truax Hill,86004825482795
803,Cecile,Bosket,04/09/2018,27,ZERO,PLUS,483 Anzinger Drive,79517862197265
804,Maurizio,Busst,23/04/2005,692,B,PLUS,50982 Mosinee Road,51725741975046
805,Nickie,Freiberg,15/04/2004,630,A,PLUS,542 Onsgard Avenue,82732812145067
806,Coop,McLugaish,25/08/2008,480,ZERO,MINUS,5971 6th Plaza,84135376934087
807,Roxy,Northcote,11/10/2009,581,A,MINUS,8 Hazelcrest Alley,81115491396158
808,Kearney,Pascall,04/09/2016,83,ZERO,MINUS,2941 Lindbergh Place,39702933615408
809,Hedvig,Arnaldi,22/02/2001,355,AB,PLUS,9695 Merry Lane,78586805050966
810,Debora,Brandt,16/08/2009,337,AB,MINUS,6697 Reindahl Junction,51498560920719
811,Barbey,Winfindale,22/10/2001,375,AB,PLUS,3 Carberry Street,68565515825244
812,Kerstin,Sievewright,11/09/2018,122,A,MINUS,00255 Morningstar Way,65009355337435
813,Chauncey,Cheak,12/11/2010,230,B,PLUS,58 Homewood Crossing,88069001699735
814,Pieter,Olin,09/12/2002,304,AB,MINUS,04 Sommers Lane,38794719457028
815,Jess,Weagener,29/10/2009,140,ZERO,PLUS,14 Sheridan Terrace,78299145257076
816,Parnell,Frankom,15/09/2004,762,B,MINUS,868 Center Point,54695029136437
817,Nikki,Kesper,07/01/2012,558,A,PLUS,1316 Mallory Park,26208400569926
818,Dennis,Showen,23/03/2010,522,AB,PLUS,841 Summit Court,97887832487966
819,Carmen,Twycross,29/03/2004,529,A,PLUS,0582 Haas Hill,10621970519734
820,Beau,Klaesson,05/03/2008,195,B,MINUS,525 Monica Trail,35921780185016
821,Zitella,Wetwood,17/10/2014,986,ZERO,MINUS,2 Green Parkway,22326124660911
822,Bernie,Pieracci,01/02/2015,520,AB,PLUS,8423 Almo Point,39716010961909
823,Brianna,Maccrae,12/03/2019,898,A,MINUS,66676 Corben Junction,71845940063398
824,Lisetta,Meindl,08/04/2003,946,ZERO,MINUS,2408 Alpine Place,33150779359371
825,Archibaldo,See,17/01/2004,453,AB,MINUS,1 Fallview Crossing,30378045511624
826,Etan,Whitecross,20/12/2013,832,A,MINUS,5 Cherokee Place,60879093000228
827,Cosimo,Preator,14/07/2015,682,B,MINUS,9601 Ludington Road,54863155380151
828,Vincent,Hurford,20/04/2007,800,AB,PLUS,0723 Twin Pines Crossing,26833956292310
829,Molli,Wimbush,14/09/2017,643,ZERO,MINUS,79 Sloan Pass,99006706319101
830,Derick,Sherman,02/07/2011,955,ZERO,MINUS,19 Nobel Parkway,54768244062118
831,Rodolph,Varey,05/10/2003,498,B,MINUS,77 John Wall Park,83689356884051
832,Darsie,Cavey,07/01/2011,608,B,PLUS,770 Montana Terrace,22585977758137
833,Ced,Vyel,06/07/2008,572,AB,PLUS,082 Esker Street,85651193467783
834,Dayle,Gaskarth,27/07/2000,543,AB,PLUS,88 Annamark Parkway,77371665383670
835,Edouard,Simecek,05/05/2004,100,ZERO,MINUS,92 Summerview Park,35192759605851
836,Virginie,Henderson,13/01/2005,959,ZERO,PLUS,172 Trailsway Plaza,72728164605682
837,Elmer,Tassell,15/01/2002,75,AB,PLUS,57543 Buena Vista Way,18267304619047
838,Berty,Rushmere,25/10/2013,456,AB,MINUS,4507 Debs Park,13336032297294
839,Prent,Babbs,21/02/2012,400,ZERO,PLUS,95 Mockingbird Pass,53069226617928
840,Anabelle,Bennitt,15/11/2013,726,A,PLUS,7 Laurel Drive,54708318648141
841,Rosy,Andress,01/04/2009,312,B,PLUS,62342 Waywood Trail,22111210448055
842,Elissa,Ackrill,05/06/2010,820,AB,MINUS,40 Cottonwood Trail,35483790827659
843,Caitrin,Pennell,25/12/2007,614,B,PLUS,073 Dahle Place,76922146204036
844,Hart,Santer,12/08/2000,481,A,PLUS,39 Sage Circle,42250712895868
845,Sofie,Dearth,08/05/2008,616,AB,PLUS,01 Golden Leaf Street,74904660762212
846,Mable,Cersey,01/12/2001,482,B,PLUS,4551 Mallory Plaza,60513963112204
847,Corty,Bramelt,04/10/2017,109,ZERO,PLUS,54150 Miller Center,57737116804264
848,Kip,Atwood,19/07/2007,703,AB,MINUS,2 Delladonna Way,86949278112779
849,Aldon,Jaeggi,14/07/2008,522,AB,MINUS,23 Kingsford Plaza,73715227260950
850,Cynthie,Latour,12/03/2015,626,AB,PLUS,2 Helena Point,36714119697461
851,Vickie,Pickthorne,18/01/2017,748,AB,PLUS,74 Forest Run Drive,94232845762873
852,Cissy,Tonge,17/09/2014,797,ZERO,MINUS,389 Lien Pass,81503551751617
853,Jackie,Dumini,19/11/2001,700,B,MINUS,42 Pond Lane,11938250550050
854,Leonanie,English,02/09/2015,628,AB,MINUS,20 Pennsylvania Circle,80197719030178
855,Marillin,Gradwell,30/06/2000,556,ZERO,MINUS,20 Debs Avenue,37195424732745
856,Aksel,Willoway,22/07/2017,800,AB,MINUS,873 Becker Circle,13235547007387
857,Shel,Tatterton,11/09/2010,201,A,MINUS,3923 Knutson Drive,37510713020462
858,Court,Choppen,25/03/2016,285,AB,PLUS,4 Kedzie Avenue,08037557210659
859,Cristie,Lottrington,15/09/2002,446,A,PLUS,32 Schiller Park,25503954215304
860,Harriette,Gosforth,26/01/2007,449,ZERO,PLUS,681 Meadow Valley Street,66687612684392
861,Doralin,Draco,07/03/2003,530,AB,MINUS,3938 Golf Trail,52211440187932
862,Wat,Polly,28/12/2015,160,B,PLUS,0568 Talisman Park,10291187963483
863,Dru,Cross,17/09/2018,658,A,MINUS,23647 Drewry Lane,04552809526200
864,Derick,Muckersie,08/04/2005,498,A,PLUS,63 Stang Alley,34304828650532
865,Hortensia,Hartin,17/06/2013,839,A,PLUS,58233 Canary Parkway,15505446849197
866,Leonelle,Colgan,06/01/2006,795,B,PLUS,4 Corry Court,36888773160458
867,Mead,Annice,12/02/2010,556,B,PLUS,50752 Darwin Avenue,74669241105227
868,Stu,Heart,29/12/2014,828,A,MINUS,40 Laurel Center,57083664477371
869,Jesse,Polin,23/06/2010,371,ZERO,PLUS,745 Holmberg Point,25304394499590
870,Chucho,Chislett,02/02/2011,922,AB,PLUS,09 Spenser Trail,01815096893441
871,Powell,Cridlan,17/12/2018,630,AB,PLUS,0925 Nancy Lane,20637665931847
872,Johanna,Knowlden,26/05/2007,894,ZERO,MINUS,7 Toban Circle,52793283128777
873,Nollie,MacCrann,29/10/2007,340,ZERO,PLUS,51 Di Loreto Alley,63410243672763
874,Ritchie,Tapp,02/12/2015,580,A,PLUS,7 Portage Pass,09438776817363
875,Abbi,Inett,05/08/2004,236,ZERO,PLUS,960 Namekagon Lane,37820857575277
876,Dee dee,Fender,14/10/2004,595,AB,MINUS,80638 Melody Hill,00961835153887
877,Glyn,Hake,01/04/2017,55,B,PLUS,94 Golf View Center,82878473770554
878,Fredric,Worts,29/11/2000,923,B,MINUS,91015 Delladonna Center,47951131108478
879,Marlane,Tantum,27/08/2007,73,B,PLUS,05 Schiller Lane,65170283622857
880,Terri-jo,Tomenson,15/03/2005,203,B,PLUS,21160 Donald Road,87567631857852
881,Arron,Linner,29/06/2017,128,AB,PLUS,36 Di Loreto Hill,62428785097721
882,Cloe,Farnall,17/06/2000,726,A,PLUS,9101 Dayton Road,00318408403281
883,Lotty,Redfern,03/04/2009,114,AB,MINUS,5 Blue Bill Park Way,35768452247074
884,Codee,L'Archer,13/11/2015,696,ZERO,PLUS,2527 Longview Alley,23607179225434
885,Hersch,Tomaskov,26/06/2004,724,ZERO,PLUS,03987 Tennessee Court,55658634013570
886,Alard,Vlahos,03/06/2014,278,AB,PLUS,6375 Nevada Parkway,33033641764223
887,Idelle,Ross,20/12/2004,668,AB,PLUS,4620 Hooker Place,71483827318953
888,Ellen,Dalling,28/08/2013,853,AB,MINUS,348 Arkansas Point,22971973541385
889,Meta,Sherborne,29/05/2009,73,A,PLUS,514 Schmedeman Parkway,19906045093900
890,Wildon,Howell,07/10/2015,626,B,MINUS,1436 Division Avenue,78031815524704
891,Florenza,Glasson,22/04/2018,295,B,MINUS,31 Dovetail Place,95502053404110
892,Alvira,Pendlington,21/03/2008,211,ZERO,PLUS,35679 Scofield Avenue,52809108385282
893,Bram,Rew,20/02/2019,240,ZERO,PLUS,51 Farwell Trail,40940048965285
894,Delbert,Farley,20/06/2011,470,B,PLUS,86 Dakota Terrace,53389848319125
895,Marlene,Syrad,18/11/2005,936,A,MINUS,026 Dorton Terrace,97040034405777
896,Knox,La Rosa,26/03/2018,743,AB,PLUS,3143 Ridgeview Road,70636331429842
897,Renado,Buckle,30/06/2014,929,ZERO,PLUS,452 Graceland Pass,51173021610629
898,Kaycee,Farnie,30/09/2012,429,A,MINUS,24140 Melody Center,85848442387614
899,Halli,Tucker,03/12/2018,65,AB,MINUS,9035 Hoffman Drive,15825117131714
900,Rogerio,Blaxall,18/03/2015,266,A,PLUS,952 Fairfield Crossing,03204927922786
901,Robert,Hallgate,12/06/2018,387,ZERO,MINUS,2297 Twin Pines Drive,77008443756632
902,Anne-corinne,Cleeton,08/05/2012,982,AB,PLUS,78181 Rigney Drive,31255810714756
903,Chuck,Ramsby,12/03/2018,397,AB,PLUS,3 Elgar Park,00945248022480
904,Kristofor,Lehrian,02/12/2000,962,ZERO,PLUS,24 Sachs Lane,36105795071840
905,Ines,McQuarrie,15/07/2007,619,AB,MINUS,18 2nd Trail,13803623541615
906,Catherine,Chicchelli,19/06/2013,799,B,PLUS,709 La Follette Terrace,63574315560421
907,Devon,Dahler,11/12/2002,712,A,MINUS,0718 Independence Center,52345490730795
908,Tommy,Bellison,08/11/2005,846,ZERO,PLUS,689 Saint Paul Point,71292782014359
909,Gladys,Frears,01/07/2003,363,B,MINUS,73 6th Alley,42025027454231
910,Leigh,Pilkinton,20/09/2011,102,ZERO,PLUS,548 5th Court,92085824796490
911,Joletta,Winfindale,10/04/2016,973,B,MINUS,3865 Fremont Drive,56882817574442
912,Saunder,Dermott,07/01/2000,786,A,PLUS,7 Warbler Way,06058746127189
913,Alley,Howells,15/03/2018,386,AB,PLUS,43361 Pankratz Crossing,27371073621118
914,Guendolen,Scamp,07/11/2006,220,A,PLUS,4400 Victoria Street,01768399476273
915,Ema,Matyasik,10/06/2011,432,A,PLUS,9 Warrior Plaza,13202082922078
916,Shoshana,Sweedy,29/11/2015,181,A,MINUS,76 Canary Way,16516386864899
917,Greggory,Sans,04/02/2015,673,AB,PLUS,8 Rutledge Circle,43979559997545
918,Iorgos,O'Loughlin,19/06/2003,852,B,PLUS,345 Arizona Lane,72216646731076
919,Cory,Skipsea,09/06/2006,540,ZERO,MINUS,54068 Maryland Way,42310156343638
920,Alysa,Dank,08/03/2007,483,B,MINUS,073 Truax Junction,01366541176921
921,Decca,Tidbury,27/12/2001,756,ZERO,MINUS,6207 Hanover Lane,74467606864682
922,Willi,Axtens,16/01/2019,183,AB,MINUS,67 Cambridge Court,26374062302486
923,Darsey,McNeil,23/05/2013,190,B,PLUS,23569 Kim Parkway,60483833246336
924,Augustine,Scullin,25/03/2002,486,B,PLUS,22705 Hoard Crossing,31245539163737
925,Roseanne,Bray,13/09/2000,845,AB,MINUS,4353 Porter Point,77524987347273
926,Deeyn,Flippen,08/05/2014,358,AB,MINUS,9 Pond Parkway,29241314016576
927,Derril,Behning,26/06/2001,295,AB,PLUS,52 Pankratz Lane,09205295663666
928,Verene,Lavalde,27/02/2004,980,B,MINUS,1262 Sutteridge Crossing,08725519633105
929,Lanni,Noad,07/05/2007,602,A,PLUS,2 Northport Center,07872797481260
930,Marybeth,Normavell,12/11/2007,180,AB,PLUS,37232 Sullivan Drive,80634961000368
931,Vin,Grishunin,15/07/2010,49,AB,MINUS,7907 4th Drive,59236314952874
932,Field,Grain,05/02/2008,939,ZERO,MINUS,12324 Old Gate Pass,47420516544508
933,Kiersten,Founds,21/04/2009,503,A,MINUS,648 Atwood Way,52900997376659
934,Ursulina,Chavey,22/04/2015,927,AB,MINUS,56 Warner Pass,32720075951010
935,Guinna,Crumb,06/03/2013,400,ZERO,MINUS,90 Troy Drive,51602120910796
936,Brantley,Londsdale,05/04/2017,98,AB,MINUS,575 Arizona Terrace,52031189417883
937,Almeda,Moohan,04/06/2008,875,ZERO,MINUS,9 Charing Cross Park,25307429606118
938,Leese,Adcocks,06/12/2004,975,ZERO,MINUS,8273 Crownhardt Center,89255568489746
939,Nancee,Buckner,15/07/2016,813,AB,MINUS,4 Acker Alley,31871396350861
940,Anjela,Clough,10/03/2004,483,B,PLUS,3 Sauthoff Plaza,51419647869372
941,Erinn,McCallum,29/05/2014,744,AB,PLUS,251 Algoma Circle,25492394139580
942,Roland,Fellgatt,12/02/2003,900,ZERO,PLUS,5 Shelley Circle,84286254606744
943,Drucy,Sandyfirth,21/12/2005,231,B,MINUS,7659 Forster Hill,16213133591757
944,Allyn,Straun,24/05/2016,95,A,MINUS,037 Straubel Junction,43405760967613
945,Lorine,Erbain,16/05/2018,721,A,MINUS,99203 Waubesa Center,78187882695332
946,Odelinda,Craster,09/01/2006,897,A,MINUS,77610 Kedzie Way,76192740890853
947,Michael,Daunter,29/01/2005,714,B,PLUS,10 Dorton Drive,25959556040837
948,Marlyn,Crowcher,18/05/2007,668,ZERO,PLUS,04672 7th Circle,07204644385776
949,Laverne,McNevin,28/11/2003,739,ZERO,MINUS,9 Jenifer Lane,15222855049116
950,Patin,Perot,19/06/2009,610,AB,MINUS,618 Claremont Drive,79305605047513
951,Abbot,Whistlecraft,11/02/2009,93,ZERO,MINUS,566 Arizona Alley,95307215558619
952,Edvard,Kitching,10/01/2004,195,B,MINUS,7912 Harbort Circle,23779016602367
953,Ferdinand,Sertin,17/07/2007,236,A,MINUS,6611 Bobwhite Lane,61455394341903
954,Garold,MacGillivrie,10/09/2013,391,A,PLUS,03 Eliot Road,77462681908324
955,Judd,Yushin,30/07/2008,663,A,MINUS,5781 Memorial Junction,77026569429629
956,Dorthy,Cristofanini,20/02/2016,759,A,PLUS,66886 Heath Junction,88024270807201
957,Tiffani,Bruhnsen,13/09/2016,964,ZERO,MINUS,31948 Northfield Parkway,24973931564106
958,Harmonia,Philbrook,08/06/2017,627,A,MINUS,6 Doe Crossing Street,92832652472502
959,Yorgo,Beyer,15/01/2012,34,B,MINUS,99 Myrtle Street,82976969918410
960,Martie,Prys,11/06/2017,465,B,MINUS,2798 4th Drive,36847541621322
961,Shaw,Kopacek,16/11/2004,310,AB,MINUS,99985 6th Plaza,51851077592289
962,Aaron,Senechault,24/10/2005,152,A,PLUS,7 Manley Parkway,44828248434371
963,Margaret,McIlheran,26/02/2009,132,AB,MINUS,5671 6th Parkway,43466358037881
964,Cyb,Kenningham,14/11/2003,28,A,MINUS,2 Warrior Road,18830445280181
965,Norrie,Sarsons,10/10/2013,751,A,PLUS,26 Tennyson Center,99512499013505
966,Lorrie,Luney,02/02/2008,454,ZERO,PLUS,1 Dapin Hill,80813856344198
967,Leticia,Whodcoat,11/01/2003,694,AB,PLUS,10519 Kings Center,62668656145210
968,Ibbie,Benzing,03/10/2006,437,A,MINUS,508 Golf Road,76157370703137
969,Benedick,Oley,06/03/2012,757,ZERO,MINUS,7 Sunbrook Pass,30794486848169
970,Carlos,Raylton,17/05/2012,521,A,MINUS,59413 Nobel Street,85720954896282
971,Drud,Cossom,22/12/2001,983,A,MINUS,63210 Dunning Park,06910260373016
972,Eleanor,Crisell,08/03/2015,937,A,PLUS,311 Northland Pass,57554214292301
973,Cirilo,Fluit,19/02/2001,767,ZERO,MINUS,0915 Gerald Junction,93619975448553
974,Alyse,Garrattley,08/11/2008,37,ZERO,MINUS,9 Marcy Drive,98230288817072
975,Lexis,Drewe,25/06/2004,287,AB,MINUS,2798 Almo Plaza,58063613109826
976,Colline,Janoschek,18/08/2014,150,B,MINUS,11 Katie Parkway,71470552596489
977,Rayner,O'Cosgra,21/04/2000,277,A,PLUS,583 Steensland Court,77831497457828
978,Annadiana,Nassie,27/10/2004,489,A,MINUS,21174 Park Meadow Lane,82614204810358
979,Bernarr,Santarelli,25/05/2016,994,B,MINUS,921 Loftsgordon Way,70794926401587
980,Emalee,Petrolli,08/09/2006,441,B,MINUS,20064 Canary Drive,95305584389419
981,Chicky,Carrett,28/01/2001,390,A,PLUS,8 American Ash Pass,43545183505214
982,Marji,Lempke,04/12/2003,674,AB,MINUS,3398 Grayhawk Hill,54601351846638
983,Harbert,Biddwell,01/08/2014,587,AB,MINUS,9 Canary Court,04138798686999
984,Theodor,Kopelman,14/06/2015,998,ZERO,PLUS,4010 Melvin Way,33138374257716
985,Wynn,Poizer,19/09/2006,539,AB,MINUS,277 Jay Center,69292121836971
986,Konrad,Melby,25/07/2016,236,AB,PLUS,96617 Green Ridge Alley,83939477341307
987,Ambrosio,Tunder,12/03/2004,986,AB,MINUS,05 Southridge Place,88258113718491
988,Oneida,Catlin,18/10/2010,587,AB,PLUS,7519 Butterfield Way,76580386491735
989,Armin,Kinze,27/08/2013,417,A,PLUS,5734 Morningstar Park,82263160848695
990,Amber,Oman,26/02/2015,948,B,PLUS,6225 Bonner Street,01948039233434
991,Cosmo,Balls,04/03/2005,223,B,MINUS,6872 Ridgeway Pass,49867333430543
992,Cosetta,Peotz,15/06/2001,512,ZERO,PLUS,0 Fairfield Lane,06731291670654
993,Cissy,Fibbens,24/04/2019,317,AB,PLUS,18887 East Way,60331771209352
994,Mauricio,Cordsen,01/07/2016,203,AB,MINUS,9 Scoville Crossing,26854968723062
995,Lonni,Potteridge,25/01/2014,232,A,MINUS,8728 Grover Alley,84124691075414
996,Zena,Lisett,27/06/2000,486,B,MINUS,61168 Spaight Junction,29356958303997
997,Ludovico,Breede,02/05/2002,265,ZERO,PLUS,3894 Becker Plaza,13701020017562
998,Christalle,Goodwins,31/10/2013,976,AB,MINUS,307 Mcbride Way,54841034526385
999,Olimpia,Grason,04/04/2014,545,ZERO,MINUS,816 Everett Street,15718290097412
1000,Diandra,Dowley,17/04/2001,198,ZERO,MINUS,42 Calypso Point,73172006478995
